i,c,t,production_10k_tons
Anhui,maize,2000,219.0
Anhui,rice,2000,1221.6
Anhui,soybean,2000,103.6
Anhui,wheat,2000,707.1
Beijing,maize,2000,58.7
Beijing,rice,2000,9.36
Beijing,soybean,2000,5.04
Beijing,wheat,2000,66.86
Chongqing,maize,2000,197.5
Chongqing,rice,2000,532.9
Chongqing,soybean,2000,24.2
Chongqing,wheat,2000,101.3
Fujian,maize,2000,11.1
Fujian,rice,2000,632.8
Fujian,soybean,2000,27.6
Fujian,wheat,2000,11.0
Gansu,maize,2000,210.47
Gansu,rice,2000,6.16
Gansu,soybean,2000,37.69
Gansu,wheat,2000,266.1
Guangdong,maize,2000,76.1
Guangdong,rice,2000,1423.4
Guangdong,soybean,2000,26.1
Guangdong,wheat,2000,3.9
Guangxi,maize,2000,184.2
Guangxi,rice,2000,1226.5
Guangxi,soybean,2000,45.0
Guangxi,wheat,2000,2.7
Guizhou,maize,2000,342.2
Guizhou,rice,2000,477.4
Guizhou,soybean,2000,39.5
Guizhou,wheat,2000,103.5
Hainan,maize,2000,5.22
Hainan,rice,2000,150.21
Hainan,soybean,2000,2.94
Hainan,wheat,2000,
Hebei,maize,2000,994.48
Hebei,rice,2000,65.82
Hebei,soybean,2000,74.45
Hebei,wheat,2000,1207.95
Heilongjiang,maize,2000,790.8
Heilongjiang,rice,2000,1042.2
Heilongjiang,soybean,2000,489.6
Heilongjiang,wheat,2000,95.8
Henan,maize,2000,1074.97
Henan,rice,2000,318.82
Henan,soybean,2000,140.13
Henan,wheat,2000,2235.95
Hubei,maize,2000,216.71
Hubei,rice,2000,1497.22
Hubei,soybean,2000,71.06
Hubei,wheat,2000,233.69
Hunan,maize,2000,125.1
Hunan,rice,2000,2392.5
Hunan,soybean,2000,59.4
Hunan,wheat,2000,23.3
Inner_Mongolia,maize,2000,629.2
Inner_Mongolia,rice,2000,72.2
Inner_Mongolia,soybean,2000,109.7
Inner_Mongolia,wheat,2000,181.8
Jiangsu,maize,2000,236.76
Jiangsu,rice,2000,1801.33
Jiangsu,soybean,2000,105.33
Jiangsu,wheat,2000,796.4
Jiangxi,maize,2000,8.5
Jiangxi,rice,2000,1491.9
Jiangxi,soybean,2000,35.5
Jiangxi,wheat,2000,7.9
Jilin,maize,2000,993.2
Jilin,rice,2000,374.8
Jilin,soybean,2000,140.6
Jilin,wheat,2000,16.3
Liaoning,maize,2000,551.1
Liaoning,rice,2000,377.1
Liaoning,soybean,2000,50.2
Liaoning,wheat,2000,35.8
Ningxia,maize,2000,82.0
Ningxia,rice,2000,62.4
Ningxia,soybean,2000,4.8
Ningxia,wheat,2000,74.5
Qinghai,maize,2000,1.2
Qinghai,rice,2000,0.0
Qinghai,soybean,2000,6.6
Qinghai,wheat,2000,43.9
Shaanxi,maize,2000,413.7
Shaanxi,rice,2000,94.7
Shaanxi,soybean,2000,31.0
Shaanxi,wheat,2000,418.6
Shandong,maize,2000,1467.46
Shandong,rice,2000,110.83
Shandong,soybean,2000,108.24
Shandong,wheat,2000,1860.04
Shanghai,maize,2000,3.7
Shanghai,rice,2000,137.2
Shanghai,soybean,2000,2.7
Shanghai,wheat,2000,24.7
Shanxi,maize,2000,354.75
Shanxi,rice,2000,3.28
Shanxi,soybean,2000,57.78
Shanxi,wheat,2000,215.15
Sichuan,maize,2000,547.4
Sichuan,rice,2000,1634.3
Sichuan,soybean,2000,92.7
Sichuan,wheat,2000,532.1
Tianjin,maize,2000,40.95
Tianjin,rice,2000,14.49
Tianjin,soybean,2000,4.3
Tianjin,wheat,2000,59.49
Tibet,maize,2000,1.41
Tibet,rice,2000,0.55
Tibet,soybean,2000,2.95
Tibet,wheat,2000,30.73
Xinjiang,maize,2000,268.5
Xinjiang,rice,2000,60.4
Xinjiang,soybean,2000,25.7
Xinjiang,wheat,2000,399.5
Yunnan,maize,2000,473.3
Yunnan,rice,2000,568.2
Yunnan,soybean,2000,40.2
Yunnan,wheat,2000,152.4
Zhejiang,maize,2000,20.3
Zhejiang,rice,2000,990.2
Zhejiang,soybean,2000,45.39
Zhejiang,wheat,2000,55.12
Anhui,maize,2001,279.9
Anhui,rice,2001,1174.3
Anhui,soybean,2001,105.73
Anhui,wheat,2001,741.9
Beijing,maize,2001,53.9
Beijing,rice,2001,4.3
Beijing,soybean,2001,5.2
Beijing,wheat,2001,36.6
Chongqing,maize,2001,180.6
Chongqing,rice,2001,472.8
Chongqing,soybean,2001,16.2
Chongqing,wheat,2001,92.0
Fujian,maize,2001,10.8
Fujian,rice,2001,606.8
Fujian,soybean,2001,26.5
Fujian,wheat,2001,8.7
Gansu,maize,2001,198.99
Gansu,rice,2001,6.57
Gansu,soybean,2001,38.31
Gansu,wheat,2001,296.09
Guangdong,maize,2001,65.2
Guangdong,rice,2001,1298.3
Guangdong,soybean,2001,25.12
Guangdong,wheat,2001,3.1
Guangxi,maize,2001,168.5
Guangxi,rice,2001,1231.2
Guangxi,soybean,2001,42.5
Guangxi,wheat,2001,2.2
Guizhou,maize,2001,319.4
Guizhou,rice,2001,459.8
Guizhou,soybean,2001,37.2
Guizhou,wheat,2001,87.7
Hainan,maize,2001,4.92
Hainan,rice,2001,150.82
Hainan,soybean,2001,2.73
Hainan,wheat,2001,
Hebei,maize,2001,1059.46
Hebei,rice,2001,47.23
Hebei,soybean,2001,67.09
Hebei,wheat,2001,1122.69
Heilongjiang,maize,2001,819.5
Heilongjiang,rice,2001,1016.3
Heilongjiang,soybean,2001,537.5
Heilongjiang,wheat,2001,93.8
Henan,maize,2001,1151.4
Henan,rice,2001,202.72
Henan,soybean,2001,122.48
Henan,wheat,2001,2299.71
Hubei,maize,2001,194.89
Hubei,rice,2001,1451.9
Hubei,soybean,2001,73.81
Hubei,wheat,2001,212.95
Hunan,maize,2001,115.1
Hunan,rice,2001,2328.9
Hunan,soybean,2001,61.3
Hunan,wheat,2001,21.4
Inner_Mongolia,maize,2001,757.0
Inner_Mongolia,rice,2001,56.7
Inner_Mongolia,soybean,2001,113.8
Inner_Mongolia,wheat,2001,127.1
Jiangsu,maize,2001,259.89
Jiangsu,rice,2001,1693.19
Jiangsu,soybean,2001,104.46
Jiangsu,wheat,2001,703.9
Jiangxi,maize,2001,6.2
Jiangxi,rice,2001,1491.4
Jiangxi,soybean,2001,32.7
Jiangxi,wheat,2001,5.9
Jilin,maize,2001,1328.4
Jilin,rice,2001,371.2
Jilin,soybean,2001,134.18
Jilin,wheat,2001,11.58
Liaoning,maize,2001,818.68
Liaoning,rice,2001,335.15
Liaoning,soybean,2001,57.37
Liaoning,wheat,2001,15.45
Ningxia,maize,2001,94.8
Ningxia,rice,2001,61.7
Ningxia,soybean,2001,5.9
Ningxia,wheat,2001,83.6
Qinghai,maize,2001,1.2
Qinghai,rice,2001,0.0
Qinghai,soybean,2001,9.3
Qinghai,wheat,2001,51.3
Shaanxi,maize,2001,352.81
Shaanxi,rice,2001,92.05
Shaanxi,soybean,2001,28.74
Shaanxi,wheat,2001,406.63
Shandong,maize,2001,1532.37
Shandong,rice,2001,110.08
Shandong,soybean,2001,94.37
Shandong,wheat,2001,1655.15
Shanghai,maize,2001,3.66
Shanghai,rice,2001,127.38
Shanghai,soybean,2001,2.8
Shanghai,wheat,2001,12.53
Shanxi,maize,2001,309.9
Shanxi,rice,2001,2.3
Shanxi,soybean,2001,34.18
Shanxi,wheat,2001,227.4
Sichuan,maize,2001,452.3
Sichuan,rice,2001,1428.64
Sichuan,soybean,2001,97.13
Sichuan,wheat,2001,448.7
Tianjin,maize,2001,75.19
Tianjin,rice,2001,7.44
Tianjin,soybean,2001,8.48
Tianjin,wheat,2001,45.09
Tibet,maize,2001,1.65
Tibet,rice,2001,0.6
Tibet,soybean,2001,3.18
Tibet,wheat,2001,28.45
Xinjiang,maize,2001,293.76
Xinjiang,rice,2001,56.79
Xinjiang,soybean,2001,28.47
Xinjiang,wheat,2001,370.77
Yunnan,maize,2001,477.3
Yunnan,rice,2001,595.87
Yunnan,soybean,2001,90.66
Yunnan,wheat,2001,137.88
Zhejiang,maize,2001,21.1
Zhejiang,rice,2001,875.6
Zhejiang,soybean,2001,45.42
Zhejiang,wheat,2001,37.07
Anhui,maize,2002,356.8
Anhui,rice,2002,1327.5
Anhui,soybean,2002,147.4
Anhui,wheat,2002,683.7
Beijing,maize,2002,46.1
Beijing,rice,2002,2.9
Beijing,soybean,2002,4.0
Beijing,wheat,2002,24.3
Chongqing,maize,2002,197.4
Chongqing,rice,2002,490.2
Chongqing,soybean,2002,27.8
Chongqing,wheat,2002,93.2
Fujian,maize,2002,11.2
Fujian,rice,2002,557.5
Fujian,soybean,2002,26.4
Fujian,wheat,2002,6.7
Gansu,maize,2002,219.16
Gansu,rice,2002,5.56
Gansu,soybean,2002,38.56
Gansu,wheat,2002,312.14
Guangdong,maize,2002,53.45
Guangdong,rice,2002,1202.76
Guangdong,soybean,2002,24.0
Guangdong,wheat,2002,3.2
Guangxi,maize,2002,161.0
Guangxi,rice,2002,1219.3
Guangxi,soybean,2002,40.3
Guangxi,wheat,2002,1.8
Guizhou,maize,2002,343.2
Guizhou,rice,2002,347.8
Guizhou,soybean,2002,40.8
Guizhou,wheat,2002,87.0
Hainan,maize,2002,5.07
Hainan,rice,2002,139.28
Hainan,soybean,2002,3.24
Hainan,wheat,2002,
Hebei,maize,2002,1034.96
Hebei,rice,2002,55.73
Hebei,soybean,2002,60.56
Hebei,wheat,2002,1099.54
Heilongjiang,maize,2002,1070.5
Heilongjiang,rice,2002,921.0
Heilongjiang,soybean,2002,610.7
Heilongjiang,wheat,2002,89.4
Henan,maize,2002,1189.76
Henan,rice,2002,336.45
Henan,soybean,2002,115.38
Henan,wheat,2002,2248.39
Hubei,maize,2002,187.41
Hubei,rice,2002,1469.79
Hubei,soybean,2002,64.71
Hubei,wheat,2002,151.17
Hunan,maize,2002,119.17
Hunan,rice,2002,2119.15
Hunan,soybean,2002,61.2
Hunan,wheat,2002,18.34
Inner_Mongolia,maize,2002,821.52
Inner_Mongolia,rice,2002,55.99
Inner_Mongolia,soybean,2002,139.89
Inner_Mongolia,wheat,2002,121.49
Jiangsu,maize,2002,261.68
Jiangsu,rice,2002,1709.87
Jiangsu,soybean,2002,105.9
Jiangsu,wheat,2002,644.45
Jiangxi,maize,2002,5.53
Jiangxi,rice,2002,1451.6
Jiangxi,soybean,2002,29.93
Jiangxi,wheat,2002,4.31
Jilin,maize,2002,1540.0
Jilin,rice,2002,370.0
Jilin,soybean,2002,184.96
Jilin,wheat,2002,7.94
Liaoning,maize,2002,858.0
Liaoning,rice,2002,406.2
Liaoning,soybean,2002,56.9
Liaoning,wheat,2002,11.5
Ningxia,maize,2002,104.3
Ningxia,rice,2002,66.7
Ningxia,soybean,2002,10.0
Ningxia,wheat,2002,96.1
Qinghai,maize,2002,1.2
Qinghai,rice,2002,0.0
Qinghai,soybean,2002,10.9
Qinghai,wheat,2002,45.2
Shaanxi,maize,2002,374.5
Shaanxi,rice,2002,80.3
Shaanxi,soybean,2002,30.7
Shaanxi,wheat,2002,405.3
Shandong,maize,2002,1316.03
Shandong,rice,2002,109.36
Shandong,soybean,2002,76.41
Shandong,wheat,2002,1547.06
Shanghai,maize,2002,2.98
Shanghai,rice,2002,109.24
Shanghai,soybean,2002,3.48
Shanghai,wheat,2002,10.37
Shanxi,maize,2002,435.29
Shanxi,rice,2002,2.01
Shanxi,soybean,2002,49.42
Shanxi,wheat,2002,243.15
Sichuan,maize,2002,525.1
Sichuan,rice,2002,1503.7
Sichuan,soybean,2002,106.7
Sichuan,wheat,2002,459.1
Tianjin,maize,2002,71.05
Tianjin,rice,2002,11.22
Tianjin,soybean,2002,5.65
Tianjin,wheat,2002,44.11
Tibet,maize,2002,1.68
Tibet,rice,2002,0.58
Tibet,soybean,2002,3.44
Tibet,wheat,2002,27.83
Xinjiang,maize,2002,332.9
Xinjiang,rice,2002,59.32
Xinjiang,soybean,2002,26.39
Xinjiang,wheat,2002,382.67
Yunnan,maize,2002,461.5
Yunnan,rice,2002,543.2
Yunnan,soybean,2002,93.63
Yunnan,wheat,2002,134.11
Zhejiang,maize,2002,22.32
Zhejiang,rice,2002,779.64
Zhejiang,soybean,2002,41.87
Zhejiang,wheat,2002,25.43
Anhui,maize,2003,260.6
Anhui,rice,2003,963.7
Anhui,soybean,2003,120.35
Anhui,wheat,2003,642.8
Beijing,maize,2003,32.2
Beijing,rice,2003,1.01
Beijing,soybean,2003,3.14
Beijing,wheat,2003,18.41
Chongqing,maize,2003,207.0
Chongqing,rice,2003,497.14
Chongqing,soybean,2003,32.21
Chongqing,wheat,2003,83.8
Fujian,maize,2003,11.62
Fujian,rice,2003,523.44
Fujian,soybean,2003,25.17
Fujian,wheat,2003,2.77
Gansu,maize,2003,244.43
Gansu,rice,2003,3.58
Gansu,soybean,2003,39.0
Gansu,wheat,2003,272.46
Guangdong,maize,2003,53.13
Guangdong,rice,2003,1170.5
Guangdong,soybean,2003,21.84
Guangdong,wheat,2003,1.63
Guangxi,maize,2003,159.7
Guangxi,rice,2003,1202.7
Guangxi,soybean,2003,39.19
Guangxi,wheat,2003,1.74
Guizhou,maize,2003,319.9
Guizhou,rice,2003,459.3
Guizhou,soybean,2003,39.3
Guizhou,wheat,2003,74.6
Hainan,maize,2003,6.14
Hainan,rice,2003,143.4
Hainan,soybean,2003,3.27
Hainan,wheat,2003,
Hebei,maize,2003,1073.57
Hebei,rice,2003,41.06
Hebei,soybean,2003,60.61
Hebei,wheat,2003,1018.83
Heilongjiang,maize,2003,830.9
Heilongjiang,rice,2003,842.8
Heilongjiang,soybean,2003,616.1
Heilongjiang,wheat,2003,39.7
Henan,maize,2003,766.31
Henan,rice,2003,240.17
Henan,soybean,2003,72.72
Henan,wheat,2003,2292.5
Hubei,maize,2003,167.5
Hubei,rice,2003,1341.29
Hubei,soybean,2003,67.08
Hubei,wheat,2003,165.42
Hunan,maize,2003,128.55
Hunan,rice,2003,2070.18
Hunan,soybean,2003,56.11
Hunan,wheat,2003,16.49
Inner_Mongolia,maize,2003,888.7
Inner_Mongolia,rice,2003,45.0
Inner_Mongolia,soybean,2003,93.87
Inner_Mongolia,wheat,2003,78.96
Jiangsu,maize,2003,197.25
Jiangsu,rice,2003,1404.64
Jiangsu,soybean,2003,95.34
Jiangsu,wheat,2003,608.71
Jiangxi,maize,2003,6.27
Jiangxi,rice,2003,1360.54
Jiangxi,soybean,2003,26.8
Jiangxi,wheat,2003,2.89
Jilin,maize,2003,1615.3
Jilin,rice,2003,318.2
Jilin,soybean,2003,191.1
Jilin,wheat,2003,6.0
Liaoning,maize,2003,907.2
Liaoning,rice,2003,351.4
Liaoning,soybean,2003,71.0
Liaoning,wheat,2003,6.2
Ningxia,maize,2003,119.93
Ningxia,rice,2003,37.04
Ningxia,soybean,2003,8.57
Ningxia,wheat,2003,75.61
Qinghai,maize,2003,
Qinghai,rice,2003,0.0
Qinghai,soybean,2003,8.9
Qinghai,wheat,2003,36.8
Shaanxi,maize,2003,373.2
Shaanxi,rice,2003,75.5
Shaanxi,soybean,2003,24.6
Shaanxi,wheat,2003,395.5
Shandong,maize,2003,1411.02
Shandong,rice,2003,77.89
Shandong,soybean,2003,82.33
Shandong,wheat,2003,1565.03
Shanghai,maize,2003,3.15
Shanghai,rice,2003,82.2
Shanghai,soybean,2003,2.23
Shanghai,wheat,2003,7.39
Shanxi,maize,2003,476.95
Shanxi,rice,2003,1.24
Shanxi,soybean,2003,48.71
Shanxi,wheat,2003,255.98
Sichuan,maize,2003,517.3
Sichuan,rice,2003,1471.91
Sichuan,soybean,2003,113.9
Sichuan,wheat,2003,426.2
Tianjin,maize,2003,64.81
Tianjin,rice,2003,5.65
Tianjin,soybean,2003,6.24
Tianjin,wheat,2003,35.91
Tibet,maize,2003,1.62
Tibet,rice,2003,0.56
Tibet,soybean,2003,3.35
Tibet,wheat,2003,27.23
Xinjiang,maize,2003,317.34
Xinjiang,rice,2003,50.73
Xinjiang,soybean,2003,27.02
Xinjiang,wheat,2003,344.1
Yunnan,maize,2003,399.93
Yunnan,rice,2003,635.89
Yunnan,soybean,2003,85.78
Yunnan,wheat,2003,124.35
Zhejiang,maize,2003,21.5
Zhejiang,rice,2003,646.9
Zhejiang,soybean,2003,41.68
Zhejiang,wheat,2003,20.84
Anhui,maize,2004,320.79
Anhui,rice,2004,1292.14
Anhui,soybean,2004,119.3
Anhui,wheat,2004,790.1
Beijing,maize,2004,43.51
Beijing,rice,2004,0.5
Beijing,soybean,2004,3.18
Beijing,wheat,2004,20.26
Chongqing,maize,2004,227.8
Chongqing,rice,2004,509.5
Chongqing,soybean,2004,38.1
Chongqing,wheat,2004,78.4
Fujian,maize,2004,12.65
Fujian,rice,2004,545.62
Fujian,soybean,2004,24.66
Fujian,wheat,2004,1.92
Gansu,maize,2004,245.03
Gansu,rice,2004,3.87
Gansu,soybean,2004,38.02
Gansu,wheat,2004,272.32
Guangdong,maize,2004,56.06
Guangdong,rice,2004,1123.13
Guangdong,soybean,2004,23.98
Guangdong,wheat,2004,1.71
Guangxi,maize,2004,176.1
Guangxi,rice,2004,1123.4
Guangxi,soybean,2004,37.4
Guangxi,wheat,2004,1.9
Guizhou,maize,2004,333.9
Guizhou,rice,2004,477.01
Guizhou,soybean,2004,40.6
Guizhou,wheat,2004,76.8
Hainan,maize,2004,4.67
Hainan,rice,2004,147.16
Hainan,soybean,2004,2.88
Hainan,wheat,2004,
Hebei,maize,2004,1157.58
Hebei,rice,2004,47.27
Hebei,soybean,2004,57.56
Hebei,wheat,2004,1053.2
Heilongjiang,maize,2004,939.5
Heilongjiang,rice,2004,1130.0
Heilongjiang,soybean,2004,693.5
Heilongjiang,wheat,2004,83.0
Henan,maize,2004,1049.95
Henan,rice,2004,358.22
Henan,soybean,2004,118.01
Henan,wheat,2004,2480.93
Hubei,maize,2004,179.13
Hubei,rice,2004,1501.68
Hubei,soybean,2004,65.77
Hubei,wheat,2004,176.3
Hunan,maize,2004,126.63
Hunan,rice,2004,2285.51
Hunan,soybean,2004,56.38
Hunan,wheat,2004,14.56
Inner_Mongolia,maize,2004,948.0
Inner_Mongolia,rice,2004,54.5
Inner_Mongolia,soybean,2004,135.1
Inner_Mongolia,wheat,2004,110.5
Jiangsu,maize,2004,216.56
Jiangsu,rice,2004,1673.16
Jiangsu,soybean,2004,93.77
Jiangsu,wheat,2004,687.7
Jiangxi,maize,2004,4.8
Jiangxi,rice,2004,1579.4
Jiangxi,soybean,2004,23.77
Jiangxi,wheat,2004,2.93
Jilin,maize,2004,1810.0
Jilin,rice,2004,437.62
Jilin,soybean,2004,166.91
Jilin,wheat,2004,3.37
Liaoning,maize,2004,1079.7
Liaoning,rice,2004,401.5
Liaoning,soybean,2004,55.6
Liaoning,wheat,2004,8.9
Ningxia,maize,2004,117.69
Ningxia,rice,2004,52.46
Ningxia,soybean,2004,8.32
Ningxia,wheat,2004,80.42
Qinghai,maize,2004,1.17
Qinghai,rice,2004,0.0
Qinghai,soybean,2004,10.75
Qinghai,wheat,2004,37.11
Shaanxi,maize,2004,407.0
Shaanxi,rice,2004,87.0
Shaanxi,soybean,2004,38.8
Shaanxi,wheat,2004,410.3
Shandong,maize,2004,1499.21
Shandong,rice,2004,90.59
Shandong,soybean,2004,76.19
Shandong,wheat,2004,1584.5
Shanghai,maize,2004,2.56
Shanghai,rice,2004,89.46
Shanghai,soybean,2004,2.65
Shanghai,wheat,2004,7.95
Shanxi,maize,2004,631.87
Shanxi,rice,2004,1.07
Shanxi,soybean,2004,48.8
Shanxi,wheat,2004,237.12
Sichuan,maize,2004,557.4
Sichuan,rice,2004,1519.7
Sichuan,soybean,2004,121.6
Sichuan,wheat,2004,415.7
Tianjin,maize,2004,68.21
Tianjin,rice,2004,11.09
Tianjin,soybean,2004,4.59
Tianjin,wheat,2004,37.81
Tibet,maize,2004,1.64
Tibet,rice,2004,0.55
Tibet,soybean,2004,3.09
Tibet,wheat,2004,26.06
Xinjiang,maize,2004,361.46
Xinjiang,rice,2004,39.31
Xinjiang,soybean,2004,20.47
Xinjiang,wheat,2004,352.7
Yunnan,maize,2004,425.66
Yunnan,rice,2004,639.4
Yunnan,soybean,2004,61.3
Yunnan,wheat,2004,121.67
Zhejiang,maize,2004,22.48
Zhejiang,rice,2004,686.94
Zhejiang,soybean,2004,41.01
Zhejiang,wheat,2004,19.04
Anhui,maize,2005,264.9
Anhui,rice,2005,1250.8
Anhui,soybean,2005,95.5
Anhui,wheat,2005,808.1
Beijing,maize,2005,62.58
Beijing,rice,2005,0.46
Beijing,soybean,2005,2.4
Beijing,wheat,2005,26.74
Chongqing,maize,2005,233.13
Chongqing,rice,2005,521.5
Chongqing,soybean,2005,42.16
Chongqing,wheat,2005,78.64
Fujian,maize,2005,13.18
Fujian,rice,2005,526.57
Fujian,soybean,2005,24.69
Fujian,wheat,2005,1.95
Gansu,maize,2005,248.51
Gansu,rice,2005,4.11
Gansu,soybean,2005,41.65
Gansu,wheat,2005,264.84
Guangdong,maize,2005,61.52
Guangdong,rice,2005,1116.99
Guangdong,soybean,2005,24.38
Guangdong,wheat,2005,1.85
Guangxi,maize,2005,212.0
Guangxi,rice,2005,1169.1
Guangxi,soybean,2005,40.3
Guangxi,wheat,2005,1.8
Guizhou,maize,2005,344.29
Guizhou,rice,2005,472.8
Guizhou,soybean,2005,37.76
Guizhou,wheat,2005,73.0
Hainan,maize,2005,5.39
Hainan,rice,2005,110.56
Hainan,soybean,2005,2.18
Hainan,wheat,2005,
Hebei,maize,2005,1193.83
Hebei,rice,2005,51.56
Hebei,soybean,2005,51.24
Hebei,wheat,2005,1150.33
Heilongjiang,maize,2005,1042.9
Heilongjiang,rice,2005,1121.5
Heilongjiang,soybean,2005,680.0
Heilongjiang,wheat,2005,94.0
Henan,maize,2005,1298.0
Henan,rice,2005,359.77
Henan,soybean,2005,74.44
Henan,wheat,2005,2577.69
Hubei,maize,2005,194.91
Hubei,rice,2005,1535.32
Hubei,soybean,2005,65.01
Hubei,wheat,2005,208.85
Hunan,maize,2005,134.0
Hunan,rice,2005,2296.2
Hunan,soybean,2005,56.7
Hunan,wheat,2005,13.4
Inner_Mongolia,maize,2005,1066.2
Inner_Mongolia,rice,2005,62.15
Inner_Mongolia,soybean,2005,164.05
Inner_Mongolia,wheat,2005,143.56
Jiangsu,maize,2005,174.79
Jiangsu,rice,2005,1706.71
Jiangsu,soybean,2005,82.42
Jiangsu,wheat,2005,728.52
Jiangxi,maize,2005,6.25
Jiangxi,rice,2005,1667.2
Jiangxi,soybean,2005,24.87
Jiangxi,wheat,2005,2.73
Jilin,maize,2005,1800.72
Jilin,rice,2005,473.29
Jilin,soybean,2005,152.83
Jilin,wheat,2005,2.68
Liaoning,maize,2005,1135.5
Liaoning,rice,2005,416.5
Liaoning,soybean,2005,43.6
Liaoning,wheat,2005,7.9
Ningxia,maize,2005,121.41
Ningxia,rice,2005,61.06
Ningxia,soybean,2005,6.03
Ningxia,wheat,2005,79.41
Qinghai,maize,2005,0.89
Qinghai,rice,2005,0.0
Qinghai,soybean,2005,11.75
Qinghai,wheat,2005,39.32
Shaanxi,maize,2005,459.7
Shaanxi,rice,2005,89.2
Shaanxi,soybean,2005,37.1
Shaanxi,wheat,2005,401.2
Shandong,maize,2005,1735.41
Shandong,rice,2005,95.8
Shandong,soybean,2005,68.15
Shandong,wheat,2005,1800.53
Shanghai,maize,2005,2.83
Shanghai,rice,2005,85.45
Shanghai,soybean,2005,3.17
Shanghai,wheat,2005,9.92
Shanxi,maize,2005,616.13
Shanxi,rice,2005,0.9
Shanxi,soybean,2005,36.67
Shanxi,wheat,2005,202.28
Sichuan,maize,2005,580.8
Sichuan,rice,2005,1505.7
Sichuan,soybean,2005,131.5
Sichuan,wheat,2005,427.4
Tianjin,maize,2005,73.16
Tianjin,rice,2005,12.18
Tianjin,soybean,2005,3.87
Tianjin,wheat,2005,47.42
Tibet,maize,2005,1.65
Tibet,rice,2005,0.55
Tibet,soybean,2005,3.24
Tibet,wheat,2005,25.55
Xinjiang,maize,2005,376.72
Xinjiang,rice,2005,53.79
Xinjiang,soybean,2005,25.43
Xinjiang,wheat,2005,396.23
Yunnan,maize,2005,449.31
Yunnan,rice,2005,646.34
Yunnan,soybean,2005,77.18
Yunnan,wheat,2005,106.86
Zhejiang,maize,2005,25.93
Zhejiang,rice,2005,644.78
Zhejiang,soybean,2005,47.4
Zhejiang,wheat,2005,21.81
Anhui,maize,2006,267.7
Anhui,rice,2006,1333.06
Anhui,soybean,2006,135.0
Anhui,wheat,2006,1039.0
Beijing,maize,2006,72.91
Beijing,rice,2006,0.43
Beijing,soybean,2006,2.68
Beijing,wheat,2006,30.01
Chongqing,maize,2006,200.5
Chongqing,rice,2006,344.9
Chongqing,soybean,2006,29.24
Chongqing,wheat,2006,47.6
Fujian,maize,2006,11.1
Fujian,rice,2006,499.0
Fujian,soybean,2006,15.22
Fujian,wheat,2006,1.6
Gansu,maize,2006,218.6
Gansu,rice,2006,4.02
Gansu,soybean,2006,39.46
Gansu,wheat,2006,260.7
Guangdong,maize,2006,53.67
Guangdong,rice,2006,1015.9
Guangdong,soybean,2006,19.36
Guangdong,wheat,2006,0.3
Guangxi,maize,2006,198.5
Guangxi,rice,2006,1150.13
Guangxi,soybean,2006,22.28
Guangxi,wheat,2006,0.61
Guizhou,maize,2006,336.71
Guizhou,rice,2006,424.15
Guizhou,soybean,2006,33.96
Guizhou,wheat,2006,45.13
Hainan,maize,2006,6.1
Hainan,rice,2006,134.2
Hainan,soybean,2006,0.4
Hainan,wheat,2006,0.0
Hebei,maize,2006,1348.8
Hebei,rice,2006,51.2
Hebei,soybean,2006,46.88
Hebei,wheat,2006,1189.7
Heilongjiang,maize,2006,1517.0
Heilongjiang,rice,2006,1360.0
Heilongjiang,soybean,2006,689.26
Heilongjiang,wheat,2006,93.0
Henan,maize,2006,1541.8
Henan,rice,2006,404.6
Henan,soybean,2006,76.43
Henan,wheat,2006,2936.5
Hubei,maize,2006,203.8
Hubei,rice,2006,1437.9
Hubei,soybean,2006,47.11
Hubei,wheat,2006,311.1
Hunan,maize,2006,100.2
Hunan,rice,2006,2414.5
Hunan,soybean,2006,30.8
Hunan,wheat,2006,2.9
Inner_Mongolia,maize,2006,1130.0
Inner_Mongolia,rice,2006,51.8
Inner_Mongolia,soybean,2006,168.94
Inner_Mongolia,wheat,2006,172.2
Jiangsu,maize,2006,196.97
Jiangsu,rice,2006,1778.02
Jiangsu,soybean,2006,83.04
Jiangsu,wheat,2006,901.62
Jiangxi,maize,2006,6.09
Jiangxi,rice,2006,1808.8
Jiangxi,soybean,2006,25.88
Jiangxi,wheat,2006,2.04
Jilin,maize,2006,2037.1
Jilin,rice,2006,487.3
Jilin,soybean,2006,105.0
Jilin,wheat,2006,0.3
Liaoning,maize,2006,1211.51
Liaoning,rice,2006,426.6
Liaoning,soybean,2006,40.14
Liaoning,wheat,2006,3.1
Ningxia,maize,2006,127.1
Ningxia,rice,2006,76.6
Ningxia,soybean,2006,2.24
Ningxia,wheat,2006,83.3
Qinghai,maize,2006,1.4
Qinghai,rice,2006,0.0
Qinghai,soybean,2006,10.2
Qinghai,wheat,2006,59.4
Shaanxi,maize,2006,456.13
Shaanxi,rice,2006,71.2
Shaanxi,soybean,2006,40.81
Shaanxi,wheat,2006,390.09
Shandong,maize,2006,1749.32
Shandong,rice,2006,104.96
Shandong,soybean,2006,46.07
Shandong,wheat,2006,2012.96
Shanghai,maize,2006,2.68
Shanghai,rice,2006,89.7
Shanghai,soybean,2006,3.1
Shanghai,wheat,2006,11.34
Shanxi,maize,2006,666.0
Shanxi,rice,2006,0.7
Shanxi,soybean,2006,39.68
Shanxi,wheat,2006,227.1
Sichuan,maize,2006,553.1
Sichuan,rice,2006,1336.7
Sichuan,soybean,2006,99.3
Sichuan,wheat,2006,443.6
Tianjin,maize,2006,79.7
Tianjin,rice,2006,10.3
Tianjin,soybean,2006,1.65
Tianjin,wheat,2006,49.9
Tibet,maize,2006,1.7
Tibet,rice,2006,0.59
Tibet,soybean,2006,3.16
Tibet,wheat,2006,26.53
Xinjiang,maize,2006,376.72
Xinjiang,rice,2006,59.27
Xinjiang,soybean,2006,25.01
Xinjiang,wheat,2006,396.23
Yunnan,maize,2006,478.0
Yunnan,rice,2006,612.9
Yunnan,soybean,2006,93.83
Yunnan,wheat,2006,93.0
Zhejiang,maize,2006,9.39
Zhejiang,rice,2006,682.4
Zhejiang,soybean,2006,27.6
Zhejiang,wheat,2006,15.73
Anhui,maize,2007,258.06
Anhui,rice,2007,1356.89
Anhui,soybean,2007,117.59
Anhui,wheat,2007,1179.78
Beijing,maize,2007,76.54
Beijing,rice,2007,0.32
Beijing,soybean,2007,1.58
Beijing,wheat,2007,20.39
Chongqing,maize,2007,232.38
Chongqing,rice,2007,485.13
Chongqing,soybean,2007,33.79
Chongqing,wheat,2007,52.9
Fujian,maize,2007,11.04
Fujian,rice,2007,491.15
Fujian,soybean,2007,14.02
Fujian,wheat,2007,1.19
Gansu,maize,2007,244.02
Gansu,rice,2007,3.36
Gansu,soybean,2007,34.14
Gansu,wheat,2007,237.78
Guangdong,maize,2007,56.96
Guangdong,rice,2007,1041.38
Guangdong,soybean,2007,16.39
Guangdong,wheat,2007,0.3
Guangxi,maize,2007,203.94
Guangxi,rice,2007,1105.33
Guangxi,soybean,2007,22.34
Guangxi,wheat,2007,0.56
Guizhou,maize,2007,343.38
Guizhou,rice,2007,317.56
Guizhou,soybean,2007,59.19
Guizhou,wheat,2007,67.95
Hainan,maize,2007,6.98
Hainan,rice,2007,135.64
Hainan,soybean,2007,0.43
Hainan,wheat,2007,0.0
Hebei,maize,2007,1478.2
Hebei,rice,2007,56.96
Hebei,soybean,2007,40.56
Hebei,wheat,2007,1197.56
Heilongjiang,maize,2007,1590.13
Heilongjiang,rice,2007,1655.05
Heilongjiang,soybean,2007,483.72
Heilongjiang,wheat,2007,68.69
Henan,maize,2007,1620.02
Henan,rice,2007,433.53
Henan,soybean,2007,89.94
Henan,wheat,2007,2958.31
Hubei,maize,2007,208.94
Hubei,rice,2007,1437.49
Hubei,soybean,2007,44.58
Hubei,wheat,2007,354.23
Hunan,maize,2007,116.94
Hunan,rice,2007,2435.27
Hunan,soybean,2007,33.84
Hunan,wheat,2007,3.26
Inner_Mongolia,maize,2007,1175.19
Inner_Mongolia,rice,2007,75.73
Inner_Mongolia,soybean,2007,110.35
Inner_Mongolia,wheat,2007,171.08
Jiangsu,maize,2007,198.21
Jiangsu,rice,2007,1755.38
Jiangsu,soybean,2007,79.06
Jiangsu,wheat,2007,973.9
Jiangxi,maize,2007,5.35
Jiangxi,rice,2007,1841.19
Jiangxi,soybean,2007,24.44
Jiangxi,wheat,2007,1.94
Jilin,maize,2007,1779.98
Jilin,rice,2007,501.24
Jilin,soybean,2007,93.4
Jilin,wheat,2007,1.61
Liaoning,maize,2007,1192.7
Liaoning,rice,2007,496.68
Liaoning,soybean,2007,33.99
Liaoning,wheat,2007,4.96
Ningxia,maize,2007,146.6
Ningxia,rice,2007,60.5
Ningxia,soybean,2007,2.47
Ningxia,wheat,2007,61.6
Qinghai,maize,2007,0.7
Qinghai,rice,2007,0.0
Qinghai,soybean,2007,10.04
Qinghai,wheat,2007,39.54
Shaanxi,maize,2007,501.57
Shaanxi,rice,2007,72.03
Shaanxi,soybean,2007,47.75
Shaanxi,wheat,2007,355.57
Shandong,maize,2007,1767.37
Shandong,rice,2007,110.24
Shandong,soybean,2007,42.22
Shandong,wheat,2007,2007.62
Shanghai,maize,2007,2.57
Shanghai,rice,2007,90.66
Shanghai,soybean,2007,2.17
Shanghai,wheat,2007,15.42
Shanxi,maize,2007,649.1
Shanxi,rice,2007,0.62
Shanxi,soybean,2007,38.57
Shanxi,wheat,2007,216.3
Sichuan,maize,2007,651.23
Sichuan,rice,2007,1411.63
Sichuan,soybean,2007,103.4
Sichuan,wheat,2007,432.53
Tianjin,maize,2007,85.12
Tianjin,rice,2007,10.41
Tianjin,soybean,2007,1.13
Tianjin,wheat,2007,50.42
Tibet,maize,2007,1.66
Tibet,rice,2007,0.55
Tibet,soybean,2007,3.19
Tibet,wheat,2007,26.48
Xinjiang,maize,2007,388.38
Xinjiang,rice,2007,59.81
Xinjiang,soybean,2007,18.74
Xinjiang,wheat,2007,338.3
Yunnan,maize,2007,509.33
Yunnan,rice,2007,577.6
Yunnan,soybean,2007,78.73
Yunnan,wheat,2007,90.39
Zhejiang,maize,2007,9.67
Zhejiang,rice,2007,618.76
Zhejiang,soybean,2007,27.34
Zhejiang,wheat,2007,18.58
Anhui,maize,2008,297.25
Anhui,rice,2008,1406.93
Anhui,soybean,2008,121.86
Anhui,wheat,2008,1259.17
Beijing,maize,2008,87.97
Beijing,rice,2008,0.3
Beijing,soybean,2008,2.06
Beijing,wheat,2008,32.74
Chongqing,maize,2008,243.0
Chongqing,rice,2008,517.26
Chongqing,soybean,2008,34.72
Chongqing,wheat,2008,46.23
Fujian,maize,2008,11.87
Fujian,rice,2008,489.01
Fujian,soybean,2008,14.4
Fujian,wheat,2008,0.93
Gansu,maize,2008,268.3
Gansu,rice,2008,3.72
Gansu,soybean,2008,34.61
Gansu,wheat,2008,261.96
Guangdong,maize,2008,58.82
Guangdong,rice,2008,994.97
Guangdong,soybean,2008,15.69
Guangdong,wheat,2008,0.24
Guangxi,maize,2008,206.67
Guangxi,rice,2008,1093.36
Guangxi,soybean,2008,22.64
Guangxi,wheat,2008,0.43
Guizhou,maize,2008,355.12
Guizhou,rice,2008,334.1
Guizhou,soybean,2008,60.81
Guizhou,wheat,2008,70.55
Hainan,maize,2008,6.96
Hainan,rice,2008,140.24
Hainan,soybean,2008,1.78
Hainan,wheat,2008,0.0
Hebei,maize,2008,1532.65
Hebei,rice,2008,54.83
Hebei,soybean,2008,41.4
Hebei,wheat,2008,1229.85
Heilongjiang,maize,2008,1915.51
Heilongjiang,rice,2008,1851.45
Heilongjiang,soybean,2008,665.32
Heilongjiang,wheat,2008,89.24
Henan,maize,2008,1692.43
Henan,rice,2008,437.13
Henan,soybean,2008,93.6
Henan,wheat,2008,3036.2
Hubei,maize,2008,235.02
Hubei,rice,2008,1446.52
Hubei,soybean,2008,43.39
Hubei,wheat,2008,331.09
Hunan,maize,2008,129.61
Hunan,rice,2008,2551.28
Hunan,soybean,2008,33.68
Hunan,wheat,2008,3.31
Inner_Mongolia,maize,2008,1442.25
Inner_Mongolia,rice,2008,69.75
Inner_Mongolia,soybean,2008,167.99
Inner_Mongolia,wheat,2008,150.85
Jiangsu,maize,2008,220.38
Jiangsu,rice,2008,1764.02
Jiangsu,soybean,2008,81.8
Jiangsu,wheat,2008,1019.33
Jiangxi,maize,2008,5.89
Jiangxi,rice,2008,1904.5
Jiangxi,soybean,2008,24.37
Jiangxi,wheat,2008,1.83
Jilin,maize,2008,2129.39
Jilin,rice,2008,584.94
Jilin,soybean,2008,108.17
Jilin,wheat,2008,1.94
Liaoning,maize,2008,1240.27
Liaoning,rice,2008,489.07
Liaoning,soybean,2008,46.5
Liaoning,wheat,2008,4.27
Ningxia,maize,2008,149.94
Ningxia,rice,2008,66.38
Ningxia,soybean,2008,3.62
Ningxia,wheat,2008,64.07
Qinghai,maize,2008,1.71
Qinghai,rice,2008,0.0
Qinghai,soybean,2008,9.21
Qinghai,wheat,2008,41.31
Shaanxi,maize,2008,498.73
Shaanxi,rice,2008,80.92
Shaanxi,soybean,2008,53.63
Shaanxi,wheat,2008,383.84
Shandong,maize,2008,1978.51
Shandong,rice,2008,110.6
Shandong,soybean,2008,41.22
Shandong,wheat,2008,2038.84
Shanghai,maize,2008,2.21
Shanghai,rice,2008,94.55
Shanghai,soybean,2008,1.74
Shanghai,wheat,2008,18.9
Shanxi,maize,2008,701.57
Shanxi,rice,2008,0.14
Shanxi,soybean,2008,32.78
Shanxi,wheat,2008,244.22
Sichuan,maize,2008,674.77
Sichuan,rice,2008,1480.1
Sichuan,soybean,2008,101.84
Sichuan,wheat,2008,398.72
Tianjin,maize,2008,84.37
Tianjin,rice,2008,11.4
Tianjin,soybean,2008,1.19
Tianjin,wheat,2008,52.12
Tibet,maize,2008,2.24
Tibet,rice,2008,0.51
Tibet,soybean,2008,2.65
Tibet,wheat,2008,25.76
Xinjiang,maize,2008,510.32
Xinjiang,rice,2008,63.6
Xinjiang,soybean,2008,22.06
Xinjiang,wheat,2008,378.4
Yunnan,maize,2008,517.81
Yunnan,rice,2008,596.27
Yunnan,soybean,2008,108.38
Yunnan,wheat,2008,82.11
Zhejiang,maize,2008,10.41
Zhejiang,rice,2008,623.38
Zhejiang,soybean,2008,28.75
Zhejiang,wheat,2008,21.67
Anhui,maize,2009,335.13
Anhui,rice,2009,1470.94
Anhui,soybean,2009,115.98
Anhui,wheat,2009,1187.75
Beijing,maize,2009,89.76
Beijing,rice,2009,0.24
Beijing,soybean,2009,1.61
Beijing,wheat,2009,31.0
Chongqing,maize,2009,240.32
Chongqing,rice,2009,495.7
Chongqing,soybean,2009,36.69
Chongqing,wheat,2009,37.74
Fujian,maize,2009,11.86
Fujian,rice,2009,485.55
Fujian,soybean,2009,13.75
Fujian,wheat,2009,0.57
Gansu,maize,2009,338.74
Gansu,rice,2009,3.78
Gansu,soybean,2009,30.74
Gansu,wheat,2009,262.36
Guangdong,maize,2009,66.66
Guangdong,rice,2009,1044.0
Guangdong,soybean,2009,14.72
Guangdong,wheat,2009,0.24
Guangxi,maize,2009,224.33
Guangxi,rice,2009,1123.87
Guangxi,soybean,2009,25.01
Guangxi,wheat,2009,0.48
Guizhou,maize,2009,355.75
Guizhou,rice,2009,330.54
Guizhou,soybean,2009,59.51
Guizhou,wheat,2009,72.16
Hainan,maize,2009,7.95
Hainan,rice,2009,140.56
Hainan,soybean,2009,1.86
Hainan,wheat,2009,0.0
Hebei,maize,2009,1579.4
Hebei,rice,2009,56.33
Hebei,soybean,2009,30.05
Hebei,wheat,2009,1241.8
Heilongjiang,maize,2009,2012.6
Heilongjiang,rice,2009,1899.61
Heilongjiang,soybean,2009,640.51
Heilongjiang,wheat,2009,115.81
Henan,maize,2009,1752.91
Henan,rice,2009,441.87
Henan,soybean,2009,89.48
Henan,wheat,2009,3092.2
Hubei,maize,2009,258.16
Hubei,rice,2009,1563.02
Hubei,soybean,2009,43.28
Hubei,wheat,2009,334.55
Hunan,maize,2009,162.67
Hunan,rice,2009,2614.29
Hunan,soybean,2009,35.51
Hunan,wheat,2009,6.71
Inner_Mongolia,maize,2009,1488.28
Inner_Mongolia,rice,2009,65.57
Inner_Mongolia,soybean,2009,152.24
Inner_Mongolia,wheat,2009,188.39
Jiangsu,maize,2009,234.54
Jiangsu,rice,2009,1795.23
Jiangsu,soybean,2009,83.47
Jiangsu,wheat,2009,1037.07
Jiangxi,maize,2009,8.32
Jiangxi,rice,2009,1957.44
Jiangxi,soybean,2009,23.95
Jiangxi,wheat,2009,1.88
Jilin,maize,2009,1804.22
Jilin,rice,2009,510.48
Jilin,soybean,2009,103.88
Jilin,wheat,2009,1.13
Liaoning,maize,2009,1026.06
Liaoning,rice,2009,481.39
Liaoning,soybean,2009,26.47
Liaoning,wheat,2009,3.66
Ningxia,maize,2009,156.38
Ningxia,rice,2009,64.55
Ningxia,soybean,2009,2.71
Ningxia,wheat,2009,73.56
Qinghai,maize,2009,3.95
Qinghai,rice,2009,0.0
Qinghai,soybean,2009,8.41
Qinghai,wheat,2009,38.54
Shaanxi,maize,2009,550.98
Shaanxi,rice,2009,80.15
Shaanxi,soybean,2009,49.79
Shaanxi,wheat,2009,374.14
Shandong,maize,2009,2028.25
Shandong,rice,2009,112.3
Shandong,soybean,2009,41.55
Shandong,wheat,2009,2084.62
Shanghai,maize,2009,2.6
Shanghai,rice,2009,99.95
Shanghai,soybean,2009,2.19
Shanghai,wheat,2009,23.98
Shanxi,maize,2009,682.43
Shanxi,rice,2009,0.52
Shanxi,soybean,2009,19.7
Shanxi,wheat,2009,199.77
Sichuan,maize,2009,701.03
Sichuan,rice,2009,1493.35
Sichuan,soybean,2009,99.02
Sichuan,wheat,2009,366.16
Tianjin,maize,2009,88.87
Tianjin,rice,2009,12.71
Tianjin,soybean,2009,1.59
Tianjin,wheat,2009,53.49
Tibet,maize,2009,2.55
Tibet,rice,2009,0.52
Tibet,soybean,2009,2.43
Tibet,wheat,2009,24.56
Xinjiang,maize,2009,558.74
Xinjiang,rice,2009,65.15
Xinjiang,soybean,2009,22.04
Xinjiang,wheat,2009,610.86
Yunnan,maize,2009,541.86
Yunnan,rice,2009,598.73
Yunnan,soybean,2009,97.93
Yunnan,wheat,2009,90.42
Zhejiang,maize,2009,10.55
Zhejiang,rice,2009,611.35
Zhejiang,soybean,2009,28.52
Zhejiang,wheat,2009,24.0
Anhui,maize,2010,355.01
Anhui,rice,2010,1440.2
Anhui,soybean,2010,107.58
Anhui,wheat,2010,1242.37
Beijing,maize,2010,84.17
Beijing,rice,2010,0.19
Beijing,soybean,2010,1.17
Beijing,wheat,2010,28.39
Chongqing,maize,2010,246.07
Chongqing,rice,2010,499.16
Chongqing,soybean,2010,38.06
Chongqing,wheat,2010,31.24
Fujian,maize,2010,11.56
Fujian,rice,2010,469.18
Fujian,soybean,2010,13.01
Fujian,wheat,2010,0.41
Gansu,maize,2010,415.98
Gansu,rice,2010,3.93
Gansu,soybean,2010,31.41
Gansu,wheat,2010,253.52
Guangdong,maize,2010,61.94
Guangdong,rice,2010,1041.8
Guangdong,soybean,2010,13.93
Guangdong,wheat,2010,0.25
Guangxi,maize,2010,207.63
Guangxi,rice,2010,1092.6
Guangxi,soybean,2010,22.95
Guangxi,wheat,2010,0.42
Guizhou,maize,2010,366.59
Guizhou,rice,2010,326.55
Guizhou,soybean,2010,49.14
Guizhou,wheat,2010,49.09
Hainan,maize,2010,9.08
Hainan,rice,2010,132.02
Hainan,soybean,2010,2.17
Hainan,wheat,2010,0.0
Hebei,maize,2010,1663.79
Hebei,rice,2010,52.82
Hebei,soybean,2010,27.52
Hebei,wheat,2010,1246.6
Heilongjiang,maize,2010,2513.71
Heilongjiang,rice,2010,2277.47
Heilongjiang,soybean,2010,631.26
Heilongjiang,wheat,2010,91.96
Henan,maize,2010,1795.31
Henan,rice,2010,458.51
Henan,soybean,2010,88.93
Henan,wheat,2010,3121.0
Hubei,maize,2010,281.23
Hubei,rice,2010,1530.99
Hubei,soybean,2010,42.5
Hubei,wheat,2010,347.05
Hunan,maize,2010,172.69
Hunan,rice,2010,2551.77
Hunan,soybean,2010,36.57
Hunan,wheat,2010,10.55
Inner_Mongolia,maize,2010,1643.66
Inner_Mongolia,rice,2010,67.41
Inner_Mongolia,soybean,2010,173.51
Inner_Mongolia,wheat,2010,174.28
Jiangsu,maize,2010,237.9
Jiangsu,rice,2010,1800.33
Jiangsu,soybean,2010,81.66
Jiangsu,wheat,2010,1059.7
Jiangxi,maize,2010,8.87
Jiangxi,rice,2010,1920.8
Jiangxi,soybean,2010,22.52
Jiangxi,wheat,2010,1.99
Jilin,maize,2010,1994.67
Jilin,rice,2010,574.14
Jilin,soybean,2010,109.99
Jilin,wheat,2010,1.46
Liaoning,maize,2010,1251.85
Liaoning,rice,2010,428.17
Liaoning,soybean,2010,28.68
Liaoning,wheat,2010,2.8
Ningxia,maize,2010,165.8
Ningxia,rice,2010,69.99
Ningxia,soybean,2010,2.7
Ningxia,wheat,2010,70.33
Qinghai,maize,2010,9.58
Qinghai,rice,2010,0.0
Qinghai,soybean,2010,6.11
Qinghai,wheat,2010,36.77
Shaanxi,maize,2010,566.02
Shaanxi,rice,2010,76.81
Shaanxi,soybean,2010,48.94
Shaanxi,wheat,2010,393.55
Shandong,maize,2010,2072.34
Shandong,rice,2010,106.71
Shandong,soybean,2010,39.67
Shandong,wheat,2010,2108.79
Shanghai,maize,2010,3.28
Shanghai,rice,2010,100.33
Shanghai,soybean,2010,1.94
Shanghai,wheat,2010,20.55
Shanxi,maize,2010,809.45
Shanxi,rice,2010,0.48
Shanxi,soybean,2010,21.46
Shanxi,wheat,2010,216.89
Sichuan,maize,2010,750.7
Sichuan,rice,2010,1484.08
Sichuan,soybean,2010,97.96
Sichuan,wheat,2010,355.91
Tianjin,maize,2010,92.93
Tianjin,rice,2010,12.7
Tianjin,soybean,2010,1.75
Tianjin,wheat,2010,52.62
Tibet,maize,2010,2.76
Tibet,rice,2010,0.59
Tibet,soybean,2010,2.35
Tibet,wheat,2010,24.28
Xinjiang,maize,2010,647.97
Xinjiang,rice,2010,61.89
Xinjiang,soybean,2010,25.16
Xinjiang,wheat,2010,596.11
Yunnan,maize,2010,622.01
Yunnan,rice,2010,563.5
Yunnan,soybean,2010,74.27
Yunnan,wheat,2010,44.69
Zhejiang,maize,2010,10.65
Zhejiang,rice,2010,577.45
Zhejiang,soybean,2010,26.99
Zhejiang,wheat,2010,25.77
Anhui,maize,2011,421.98
Anhui,rice,2011,1450.68
Anhui,soybean,2011,97.85
Anhui,wheat,2011,1294.5
Beijing,maize,2011,90.34
Beijing,rice,2011,0.15
Beijing,soybean,2011,1.17
Beijing,wheat,2011,28.39
Chongqing,maize,2011,250.36
Chongqing,rice,2011,475.36
Chongqing,soybean,2011,38.61
Chongqing,wheat,2011,27.27
Fujian,maize,2011,11.8
Fujian,rice,2011,465.58
Fujian,soybean,2011,12.68
Fujian,wheat,2011,0.26
Gansu,maize,2011,448.33
Gansu,rice,2011,3.5
Gansu,soybean,2011,29.86
Gansu,wheat,2011,251.5
Guangdong,maize,2011,65.3
Guangdong,rice,2011,1072.65
Guangdong,soybean,2011,12.93
Guangdong,wheat,2011,0.3
Guangxi,maize,2011,243.15
Guangxi,rice,2011,1049.59
Guangxi,soybean,2011,27.79
Guangxi,wheat,2011,0.14
Guizhou,maize,2011,258.4
Guizhou,rice,2011,322.25
Guizhou,soybean,2011,38.32
Guizhou,wheat,2011,53.42
Hainan,maize,2011,10.3
Hainan,rice,2011,136.66
Hainan,soybean,2011,2.33
Hainan,wheat,2011,0.0
Hebei,maize,2011,1823.04
Hebei,rice,2011,58.23
Hebei,soybean,2011,28.12
Hebei,wheat,2011,1296.86
Heilongjiang,maize,2011,2927.62
Heilongjiang,rice,2011,2438.4
Heilongjiang,soybean,2011,634.52
Heilongjiang,wheat,2011,103.05
Henan,maize,2011,1907.22
Henan,rice,2011,458.59
Henan,soybean,2011,89.73
Henan,wheat,2011,3144.9
Hubei,maize,2011,303.19
Hubei,rice,2011,1614.51
Hubei,soybean,2011,37.91
Hubei,wheat,2011,349.78
Hunan,maize,2011,193.9
Hunan,rice,2011,2634.2
Hunan,soybean,2011,36.87
Hunan,wheat,2011,11.05
Inner_Mongolia,maize,2011,1858.46
Inner_Mongolia,rice,2011,69.02
Inner_Mongolia,soybean,2011,162.35
Inner_Mongolia,wheat,2011,171.88
Jiangsu,maize,2011,244.67
Jiangsu,rice,2011,1846.84
Jiangsu,soybean,2011,79.47
Jiangsu,wheat,2011,1087.77
Jiangxi,maize,2011,9.87
Jiangxi,rice,2011,2026.05
Jiangxi,soybean,2011,24.37
Jiangxi,wheat,2011,2.3
Jilin,maize,2011,2392.76
Jilin,rice,2011,629.26
Jilin,soybean,2011,106.5
Jilin,wheat,2011,1.64
Liaoning,maize,2011,1511.71
Liaoning,rice,2011,461.33
Liaoning,soybean,2011,26.93
Liaoning,wheat,2011,2.62
Ningxia,maize,2011,172.43
Ningxia,rice,2011,70.76
Ningxia,soybean,2011,2.18
Ningxia,wheat,2011,62.98
Qinghai,maize,2011,13.19
Qinghai,rice,2011,0.0
Qinghai,soybean,2011,4.65
Qinghai,wheat,2011,34.87
Shaanxi,maize,2011,585.7
Shaanxi,rice,2011,79.06
Shaanxi,soybean,2011,48.38
Shaanxi,wheat,2011,393.75
Shandong,maize,2011,2226.16
Shandong,rice,2011,104.4
Shandong,soybean,2011,41.49
Shandong,wheat,2011,2148.23
Shanghai,maize,2011,3.17
Shanghai,rice,2011,99.35
Shanghai,soybean,2011,1.88
Shanghai,wheat,2011,25.36
Shanxi,maize,2011,914.59
Shanxi,rice,2011,0.49
Shanxi,soybean,2011,21.16
Shanxi,wheat,2011,220.45
Sichuan,maize,2011,810.28
Sichuan,rice,2011,1478.05
Sichuan,soybean,2011,101.68
Sichuan,wheat,2011,346.4
Tianjin,maize,2011,94.62
Tianjin,rice,2011,13.13
Tianjin,soybean,2011,1.54
Tianjin,wheat,2011,53.31
Tibet,maize,2011,2.75
Tibet,rice,2011,0.6
Tibet,soybean,2011,2.35
Tibet,wheat,2011,24.91
Xinjiang,maize,2011,703.54
Xinjiang,rice,2011,65.65
Xinjiang,soybean,2011,17.09
Xinjiang,wheat,2011,596.32
Yunnan,maize,2011,620.42
Yunnan,rice,2011,602.13
Yunnan,soybean,2011,105.25
Yunnan,wheat,2011,94.22
Zhejiang,maize,2011,12.37
Zhejiang,rice,2011,561.77
Zhejiang,soybean,2011,27.35
Zhejiang,wheat,2011,28.52
Anhui,maize,2012,506.74
Anhui,rice,2012,1466.75
Anhui,soybean,2012,99.44
Anhui,wheat,2012,1423.28
Beijing,maize,2012,83.58
Beijing,rice,2012,0.13
Beijing,soybean,2012,0.97
Beijing,wheat,2012,27.45
Chongqing,maize,2012,249.61
Chongqing,rice,2012,475.36
Chongqing,soybean,2012,39.32
Chongqing,wheat,2012,23.89
Fujian,maize,2012,11.93
Fujian,rice,2012,447.22
Fujian,soybean,2012,12.06
Fujian,wheat,2012,0.19
Gansu,maize,2012,516.81
Gansu,rice,2012,3.7
Gansu,soybean,2012,34.54
Gansu,wheat,2012,270.2
Guangdong,maize,2012,63.47
Guangdong,rice,2012,1097.0
Guangdong,soybean,2012,13.37
Guangdong,wheat,2012,0.3
Guangxi,maize,2012,248.68
Guangxi,rice,2012,1098.52
Guangxi,soybean,2012,22.53
Guangxi,wheat,2012,0.13
Guizhou,maize,2012,362.88
Guizhou,rice,2012,426.69
Guizhou,soybean,2012,35.02
Guizhou,wheat,2012,55.55
Hainan,maize,2012,11.34
Hainan,rice,2012,144.53
Hainan,soybean,2012,2.36
Hainan,wheat,2012,0.0
Hebei,maize,2012,1856.2
Hebei,rice,2012,47.89
Hebei,soybean,2012,24.2
Hebei,wheat,2012,1363.88
Heilongjiang,maize,2012,3283.83
Heilongjiang,rice,2012,2600.23
Heilongjiang,soybean,2012,539.89
Heilongjiang,wheat,2012,69.41
Henan,maize,2012,2011.38
Henan,rice,2012,472.8
Henan,soybean,2012,78.97
Henan,wheat,2012,3223.07
Hubei,maize,2012,316.01
Hubei,rice,2012,1666.31
Hubei,soybean,2012,31.7
Hubei,wheat,2012,377.25
Hunan,maize,2012,204.43
Hunan,rice,2012,2704.26
Hunan,soybean,2012,33.69
Hunan,wheat,2012,9.45
Inner_Mongolia,maize,2012,2015.97
Inner_Mongolia,rice,2012,66.2
Inner_Mongolia,soybean,2012,154.55
Inner_Mongolia,wheat,2012,186.26
Jiangsu,maize,2012,249.45
Jiangsu,rice,2012,1878.76
Jiangsu,soybean,2012,76.45
Jiangsu,wheat,2012,1133.25
Jiangxi,maize,2012,10.32
Jiangxi,rice,2012,2061.49
Jiangxi,soybean,2012,27.6
Jiangxi,wheat,2012,2.45
Jilin,maize,2012,2714.99
Jilin,rice,2012,539.9
Jilin,soybean,2012,56.31
Jilin,wheat,2012,1.26
Liaoning,maize,2012,1615.66
Liaoning,rice,2012,459.61
Liaoning,soybean,2012,23.32
Liaoning,wheat,2012,2.11
Ningxia,maize,2012,191.18
Ningxia,rice,2012,71.33
Ningxia,soybean,2012,1.99
Ningxia,wheat,2012,62.04
Qinghai,maize,2012,14.27
Qinghai,rice,2012,0.0
Qinghai,soybean,2012,4.3
Qinghai,wheat,2012,34.87
Shaanxi,maize,2012,602.93
Shaanxi,rice,2012,80.64
Shaanxi,soybean,2012,47.49
Shaanxi,wheat,2012,416.62
Shandong,maize,2012,2297.5
Shandong,rice,2012,103.91
Shandong,soybean,2012,37.97
Shandong,wheat,2012,2219.68
Shanghai,maize,2012,2.95
Shanghai,rice,2012,99.75
Shanghai,soybean,2012,1.9
Shanghai,wheat,2012,23.11
Shanxi,maize,2012,980.34
Shanxi,rice,2012,0.64
Shanxi,soybean,2012,23.21
Shanxi,wheat,2012,233.36
Sichuan,maize,2012,833.6
Sichuan,rice,2012,1483.98
Sichuan,soybean,2012,103.89
Sichuan,wheat,2012,331.45
Tianjin,maize,2012,92.73
Tianjin,rice,2012,14.26
Tianjin,soybean,2012,1.3
Tianjin,wheat,2012,54.66
Tibet,maize,2012,2.62
Tibet,rice,2012,0.54
Tibet,soybean,2012,2.28
Tibet,wheat,2012,24.57
Xinjiang,maize,2012,844.51
Xinjiang,rice,2012,67.46
Xinjiang,soybean,2012,11.76
Xinjiang,wheat,2012,568.31
Yunnan,maize,2012,736.1
Yunnan,rice,2012,561.88
Yunnan,soybean,2012,105.47
Yunnan,wheat,2012,80.51
Zhejiang,maize,2012,23.89
Zhejiang,rice,2012,511.5
Zhejiang,soybean,2012,32.8
Zhejiang,wheat,2012,28.91
Anhui,maize,2013,526.89
Anhui,rice,2013,1426.63
Anhui,soybean,2013,89.51
Anhui,wheat,2013,1460.59
Beijing,maize,2013,75.18
Beijing,rice,2013,0.13
Beijing,soybean,2013,0.89
Beijing,wheat,2013,18.73
Chongqing,maize,2013,249.32
Chongqing,rice,2013,477.16
Chongqing,soybean,2013,39.2
Chongqing,wheat,2013,20.06
Fujian,maize,2013,11.91
Fujian,rice,2013,436.91
Fujian,soybean,2013,11.37
Fujian,wheat,2013,0.14
Gansu,maize,2013,585.67
Gansu,rice,2013,3.53
Gansu,soybean,2013,30.58
Gansu,wheat,2013,239.57
Guangdong,maize,2013,62.58
Guangdong,rice,2013,1012.8
Guangdong,soybean,2013,12.93
Guangdong,wheat,2013,0.32
Guangxi,maize,2013,263.52
Guangxi,rice,2013,1105.0
Guangxi,soybean,2013,22.07
Guangxi,wheat,2013,0.15
Guizhou,maize,2013,316.0
Guizhou,rice,2013,383.08
Guizhou,soybean,2013,27.5
Guizhou,wheat,2013,54.62
Hainan,maize,2013,12.09
Hainan,rice,2013,137.68
Hainan,soybean,2013,2.3
Hainan,wheat,2013,0.0
Hebei,maize,2013,1922.79
Hebei,rice,2013,56.11
Hebei,soybean,2013,22.18
Hebei,wheat,2013,1418.99
Heilongjiang,maize,2013,3734.84
Heilongjiang,rice,2013,2710.82
Heilongjiang,soybean,2013,469.98
Heilongjiang,wheat,2013,38.49
Henan,maize,2013,2116.47
Henan,rice,2013,463.16
Henan,soybean,2013,72.87
Henan,wheat,2013,3266.33
Hubei,maize,2013,308.5
Hubei,rice,2013,1728.32
Hubei,soybean,2013,32.01
Hubei,wheat,2013,425.29
Hunan,maize,2013,192.59
Hunan,rice,2013,2645.27
Hunan,soybean,2013,30.74
Hunan,wheat,2013,12.29
Inner_Mongolia,maize,2013,2397.63
Inner_Mongolia,rice,2013,53.5
Inner_Mongolia,soybean,2013,143.47
Inner_Mongolia,wheat,2013,184.33
Jiangsu,maize,2013,237.31
Jiangsu,rice,2013,1891.89
Jiangsu,soybean,2013,62.6
Jiangsu,wheat,2013,1162.56
Jiangxi,maize,2013,10.6
Jiangxi,rice,2013,2105.96
Jiangxi,soybean,2013,25.74
Jiangxi,wheat,2013,2.58
Jilin,maize,2013,2980.93
Jilin,rice,2013,573.09
Jilin,soybean,2013,61.94
Jilin,wheat,2013,0.0
Liaoning,maize,2013,1812.07
Liaoning,rice,2013,451.22
Liaoning,soybean,2013,20.04
Liaoning,wheat,2013,1.67
Ningxia,maize,2013,206.24
Ningxia,rice,2013,68.89
Ningxia,soybean,2013,1.82
Ningxia,wheat,2013,46.32
Qinghai,maize,2013,13.48
Qinghai,rice,2013,0.0
Qinghai,soybean,2013,3.15
Qinghai,wheat,2013,36.3
Shaanxi,maize,2013,616.79
Shaanxi,rice,2013,84.02
Shaanxi,soybean,2013,35.7
Shaanxi,wheat,2013,363.76
Shandong,maize,2013,2320.02
Shandong,rice,2013,104.25
Shandong,soybean,2013,38.19
Shandong,wheat,2013,2264.32
Shanghai,maize,2013,3.05
Shanghai,rice,2013,97.85
Shanghai,soybean,2013,1.56
Shanghai,wheat,2013,18.51
Shanxi,maize,2013,1049.45
Shanxi,rice,2013,0.73
Shanxi,soybean,2013,24.91
Shanxi,wheat,2013,203.89
Sichuan,maize,2013,920.07
Sichuan,rice,2013,1483.39
Sichuan,soybean,2013,103.55
Sichuan,wheat,2013,311.02
Tianjin,maize,2013,102.5
Tianjin,rice,2013,17.16
Tianjin,soybean,2013,0.79
Tianjin,wheat,2013,55.96
Tibet,maize,2013,2.49
Tibet,rice,2013,0.55
Tibet,soybean,2013,2.18
Tibet,wheat,2013,24.07
Xinjiang,maize,2013,984.96
Xinjiang,rice,2013,67.68
Xinjiang,soybean,2013,12.14
Xinjiang,wheat,2013,630.94
Yunnan,maize,2013,788.15
Yunnan,rice,2013,567.76
Yunnan,soybean,2013,110.89
Yunnan,wheat,2013,72.13
Zhejiang,maize,2013,21.23
Zhejiang,rice,2013,474.02
Zhejiang,soybean,2013,29.59
Zhejiang,wheat,2013,30.01
Anhui,maize,2014,599.86
Anhui,rice,2014,1523.62
Anhui,soybean,2014,95.26
Anhui,wheat,2014,1581.11
Beijing,maize,2014,50.04
Beijing,rice,2014,0.13
Beijing,soybean,2014,0.65
Beijing,wheat,2014,12.21
Chongqing,maize,2014,246.02
Chongqing,rice,2014,475.46
Chongqing,soybean,2014,39.03
Chongqing,wheat,2014,15.96
Fujian,maize,2014,11.74
Fujian,rice,2014,424.1
Fujian,soybean,2014,10.82
Fujian,wheat,2014,0.11
Gansu,maize,2014,589.57
Gansu,rice,2014,3.55
Gansu,soybean,2014,25.95
Gansu,wheat,2014,278.12
Guangdong,maize,2014,56.74
Guangdong,rice,2014,1053.29
Guangdong,soybean,2014,12.24
Guangdong,wheat,2014,0.3
Guangxi,maize,2014,263.68
Guangxi,rice,2014,1107.3
Guangxi,soybean,2014,23.04
Guangxi,wheat,2014,0.11
Guizhou,maize,2014,332.73
Guizhou,rice,2014,427.55
Guizhou,soybean,2014,26.86
Guizhou,wheat,2014,65.21
Hainan,maize,2014,0.0
Hainan,rice,2014,142.69
Hainan,soybean,2014,2.51
Hainan,wheat,2014,0.0
Hebei,maize,2014,1898.84
Hebei,rice,2014,50.97
Hebei,soybean,2014,23.67
Hebei,wheat,2014,1444.28
Heilongjiang,maize,2014,3929.14
Heilongjiang,rice,2014,2797.22
Heilongjiang,soybean,2014,530.04
Heilongjiang,wheat,2014,46.06
Henan,maize,2014,2088.89
Henan,rice,2014,500.53
Henan,soybean,2014,54.0
Henan,wheat,2014,3385.2
Hubei,maize,2014,340.89
Hubei,rice,2014,1756.44
Hubei,soybean,2014,41.19
Hubei,wheat,2014,431.43
Hunan,maize,2014,197.49
Hunan,rice,2014,2732.68
Hunan,soybean,2014,31.29
Hunan,wheat,2014,11.78
Inner_Mongolia,maize,2014,2503.25
Inner_Mongolia,rice,2014,50.8
Inner_Mongolia,soybean,2014,127.11
Inner_Mongolia,wheat,2014,174.83
Jiangsu,maize,2014,284.79
Jiangsu,rice,2014,1882.55
Jiangsu,soybean,2014,58.93
Jiangsu,wheat,2014,1225.47
Jiangxi,maize,2014,11.14
Jiangxi,rice,2014,2144.18
Jiangxi,soybean,2014,26.22
Jiangxi,wheat,2014,2.61
Jilin,maize,2014,3004.17
Jilin,rice,2014,595.39
Jilin,soybean,2014,54.89
Jilin,wheat,2014,1.56
Liaoning,maize,2014,1385.81
Liaoning,rice,2014,395.29
Liaoning,soybean,2014,15.35
Liaoning,wheat,2014,1.61
Ningxia,maize,2014,224.08
Ningxia,rice,2014,61.83
Ningxia,soybean,2014,1.71
Ningxia,wheat,2014,40.55
Qinghai,maize,2014,14.88
Qinghai,rice,2014,0.0
Qinghai,soybean,2014,2.91
Qinghai,wheat,2014,34.65
Shaanxi,maize,2014,567.21
Shaanxi,rice,2014,80.02
Shaanxi,soybean,2014,28.4
Shaanxi,wheat,2014,385.54
Shandong,maize,2014,2400.95
Shandong,rice,2014,101.71
Shandong,soybean,2014,38.79
Shandong,wheat,2014,2325.57
Shanghai,maize,2014,3.23
Shanghai,rice,2014,95.05
Shanghai,soybean,2014,1.8
Shanghai,wheat,2014,19.83
Shanxi,maize,2014,1045.48
Shanxi,rice,2014,0.68
Shanxi,soybean,2014,24.77
Shanxi,wheat,2014,224.71
Sichuan,maize,2014,946.75
Sichuan,rice,2014,1450.49
Sichuan,soybean,2014,106.12
Sichuan,wheat,2014,298.01
Tianjin,maize,2014,101.8
Tianjin,rice,2014,16.5
Tianjin,soybean,2014,0.9
Tianjin,wheat,2014,57.21
Tibet,maize,2014,2.39
Tibet,rice,2014,0.47
Tibet,soybean,2014,2.21
Tibet,wheat,2014,23.73
Xinjiang,maize,2014,1001.25
Xinjiang,rice,2014,73.7
Xinjiang,soybean,2014,10.73
Xinjiang,wheat,2014,630.95
Yunnan,maize,2014,850.54
Yunnan,rice,2014,548.33
Yunnan,soybean,2014,116.23
Yunnan,wheat,2014,71.08
Zhejiang,maize,2014,23.1
Zhejiang,rice,2014,468.38
Zhejiang,soybean,2014,30.89
Zhejiang,wheat,2014,33.74
Anhui,maize,2015,679.04
Anhui,rice,2015,1616.8
Anhui,soybean,2015,95.67
Anhui,wheat,2015,1661.05
Beijing,maize,2015,49.45
Beijing,rice,2015,0.14
Beijing,soybean,2015,0.71
Beijing,wheat,2015,11.12
Chongqing,maize,2015,248.86
Chongqing,rice,2015,476.56
Chongqing,soybean,2015,39.58
Chongqing,wheat,2015,13.25
Fujian,maize,2015,11.57
Fujian,rice,2015,405.69
Fujian,soybean,2015,10.31
Fujian,wheat,2015,0.08
Gansu,maize,2015,598.09
Gansu,rice,2015,2.84
Gansu,soybean,2015,27.49
Gansu,wheat,2015,285.1
Guangdong,maize,2015,55.33
Guangdong,rice,2015,1040.82
Guangdong,soybean,2015,11.68
Guangdong,wheat,2015,0.3
Guangxi,maize,2015,277.45
Guangxi,rice,2015,1073.47
Guangxi,soybean,2015,22.27
Guangxi,wheat,2015,0.45
Guizhou,maize,2015,343.62
Guizhou,rice,2015,442.71
Guizhou,soybean,2015,22.15
Guizhou,wheat,2015,65.39
Hainan,maize,2015,0.0
Hainan,rice,2015,137.04
Hainan,soybean,2015,2.03
Hainan,wheat,2015,0.0
Hebei,maize,2015,1897.74
Hebei,rice,2015,51.18
Hebei,soybean,2015,19.09
Hebei,wheat,2015,1482.79
Heilongjiang,maize,2015,4280.19
Heilongjiang,rice,2015,2720.87
Heilongjiang,soybean,2015,508.06
Heilongjiang,wheat,2015,21.5
Henan,maize,2015,2288.5
Henan,rice,2015,499.88
Henan,soybean,2015,48.84
Henan,wheat,2015,3526.9
Hubei,maize,2015,393.71
Hubei,rice,2015,1961.42
Hubei,soybean,2015,35.1
Hubei,wheat,2015,431.99
Hunan,maize,2015,198.87
Hunan,rice,2015,2756.75
Hunan,soybean,2015,29.42
Hunan,wheat,2015,10.84
Inner_Mongolia,maize,2015,2652.23
Inner_Mongolia,rice,2015,50.57
Inner_Mongolia,soybean,2015,139.44
Inner_Mongolia,wheat,2015,179.15
Jiangsu,maize,2015,302.04
Jiangsu,rice,2015,1917.33
Jiangsu,soybean,2015,60.18
Jiangsu,wheat,2015,1248.96
Jiangxi,maize,2015,12.44
Jiangxi,rice,2015,2157.16
Jiangxi,soybean,2015,26.75
Jiangxi,wheat,2015,2.57
Jilin,maize,2015,3138.77
Jilin,rice,2015,644.26
Jilin,soybean,2015,50.25
Jilin,wheat,2015,0.14
Liaoning,maize,2015,1697.12
Liaoning,rice,2015,402.73
Liaoning,soybean,2015,15.26
Liaoning,wheat,2015,1.38
Ningxia,maize,2015,226.88
Ningxia,rice,2015,60.75
Ningxia,soybean,2015,1.5
Ningxia,wheat,2015,39.64
Qinghai,maize,2015,14.45
Qinghai,rice,2015,0.0
Qinghai,soybean,2015,2.65
Qinghai,wheat,2015,35.05
Shaanxi,maize,2015,567.7
Shaanxi,rice,2015,80.37
Shaanxi,soybean,2015,20.27
Shaanxi,wheat,2015,423.07
Shandong,maize,2015,2505.4
Shandong,rice,2015,95.83
Shandong,soybean,2015,35.37
Shandong,wheat,2015,2391.69
Shanghai,maize,2015,2.66
Shanghai,rice,2015,94.71
Shanghai,soybean,2015,1.23
Shanghai,wheat,2015,20.71
Shanxi,maize,2015,974.71
Shanxi,rice,2015,0.52
Shanxi,soybean,2015,23.32
Shanxi,wheat,2015,231.54
Sichuan,maize,2015,992.3
Sichuan,rice,2015,1465.19
Sichuan,soybean,2015,107.04
Sichuan,wheat,2015,284.55
Tianjin,maize,2015,107.82
Tianjin,rice,2015,16.35
Tianjin,soybean,2015,1.01
Tianjin,wheat,2015,58.06
Tibet,maize,2015,0.84
Tibet,rice,2015,0.45
Tibet,soybean,2015,2.01
Tibet,wheat,2015,23.39
Xinjiang,maize,2015,1090.23
Xinjiang,rice,2015,67.38
Xinjiang,soybean,2015,11.64
Xinjiang,wheat,2015,691.52
Yunnan,maize,2015,868.11
Yunnan,rice,2015,528.62
Yunnan,soybean,2015,112.11
Yunnan,wheat,2015,74.67
Zhejiang,maize,2015,23.1
Zhejiang,rice,2015,445.8
Zhejiang,soybean,2015,30.1
Zhejiang,wheat,2015,38.68
Anhui,maize,2016,634.49
Anhui,rice,2016,1570.02
Anhui,soybean,2016,93.59
Anhui,wheat,2016,1635.5
Beijing,maize,2016,42.55
Beijing,rice,2016,0.14
Beijing,soybean,2016,0.43
Beijing,wheat,2016,8.54
Chongqing,maize,2016,252.78
Chongqing,rice,2016,487.58
Chongqing,soybean,2016,39.54
Chongqing,wheat,2016,11.28
Fujian,maize,2016,10.96
Fujian,rice,2016,386.61
Fujian,soybean,2016,9.71
Fujian,wheat,2016,0.06
Gansu,maize,2016,591.88
Gansu,rice,2016,2.81
Gansu,soybean,2016,23.04
Gansu,wheat,2016,272.11
Guangdong,maize,2016,55.4
Guangdong,rice,2016,1039.53
Guangdong,soybean,2016,11.24
Guangdong,wheat,2016,0.3
Guangxi,maize,2016,275.78
Guangxi,rice,2016,1066.0
Guangxi,soybean,2016,23.08
Guangxi,wheat,2016,0.53
Guizhou,maize,2016,456.4
Guizhou,rice,2016,456.01
Guizhou,soybean,2016,33.06
Guizhou,wheat,2016,41.82
Hainan,maize,2016,0.0
Hainan,rice,2016,130.67
Hainan,soybean,2016,1.94
Hainan,wheat,2016,0.0
Hebei,maize,2016,2031.21
Hebei,rice,2016,51.23
Hebei,soybean,2016,19.8
Hebei,wheat,2016,1480.23
Heilongjiang,maize,2016,3912.81
Heilongjiang,rice,2016,2763.62
Heilongjiang,soybean,2016,586.26
Heilongjiang,wheat,2016,28.6
Henan,maize,2016,2216.29
Henan,rice,2016,508.29
Henan,soybean,2016,49.0
Henan,wheat,2016,3618.62
Hubei,maize,2016,357.41
Hubei,rice,2016,1874.47
Hubei,soybean,2016,35.35
Hubei,wheat,2016,440.74
Hunan,maize,2016,200.02
Hunan,rice,2016,2724.61
Hunan,soybean,2016,30.52
Hunan,wheat,2016,7.0
Inner_Mongolia,maize,2016,2563.09
Inner_Mongolia,rice,2016,69.82
Inner_Mongolia,soybean,2016,168.67
Inner_Mongolia,wheat,2016,187.72
Jiangsu,maize,2016,284.44
Jiangsu,rice,2016,1898.94
Jiangsu,soybean,2016,59.39
Jiangsu,wheat,2016,1245.81
Jiangxi,maize,2016,15.28
Jiangxi,rice,2016,2140.51
Jiangxi,soybean,2016,27.15
Jiangxi,wheat,2016,3.04
Jilin,maize,2016,3286.28
Jilin,rice,2016,670.45
Jilin,soybean,2016,55.0
Jilin,wheat,2016,0.15
Liaoning,maize,2016,1810.07
Liaoning,rice,2016,410.39
Liaoning,soybean,2016,16.21
Liaoning,wheat,2016,1.1
Ningxia,maize,2016,220.47
Ningxia,rice,2016,67.88
Ningxia,soybean,2016,2.11
Ningxia,wheat,2016,38.0
Qinghai,maize,2016,13.63
Qinghai,rice,2016,0.0
Qinghai,soybean,2016,2.61
Qinghai,wheat,2016,35.04
Shaanxi,maize,2016,636.21
Shaanxi,rice,2016,80.47
Shaanxi,soybean,2016,29.17
Shaanxi,wheat,2016,403.18
Shandong,maize,2016,2613.81
Shandong,rice,2016,88.84
Shandong,soybean,2016,35.24
Shandong,wheat,2016,2490.11
Shanghai,maize,2016,2.72
Shanghai,rice,2016,91.41
Shanghai,soybean,2016,0.75
Shanghai,wheat,2016,13.22
Shanxi,maize,2016,1017.96
Shanxi,rice,2016,0.55
Shanxi,soybean,2016,27.42
Shanxi,wheat,2016,229.15
Sichuan,maize,2016,1058.02
Sichuan,rice,2016,1467.34
Sichuan,soybean,2016,112.97
Sichuan,wheat,2016,259.58
Tianjin,maize,2016,118.69
Tianjin,rice,2016,20.04
Tianjin,soybean,2016,0.89
Tianjin,wheat,2016,58.9
Tibet,maize,2016,2.86
Tibet,rice,2016,0.6
Tibet,soybean,2016,1.99
Tibet,wheat,2016,26.88
Xinjiang,maize,2016,765.64
Xinjiang,rice,2016,71.68
Xinjiang,soybean,2016,10.34
Xinjiang,wheat,2016,681.84
Yunnan,maize,2016,892.29
Yunnan,rice,2016,524.08
Yunnan,soybean,2016,117.05
Yunnan,wheat,2016,71.52
Zhejiang,maize,2016,21.88
Zhejiang,rice,2016,444.83
Zhejiang,soybean,2016,27.14
Zhejiang,wheat,2016,28.28
Anhui,maize,2017,610.66
Anhui,rice,2017,1647.46
Anhui,soybean,2017,97.14
Anhui,wheat,2017,1644.47
Beijing,maize,2017,33.21
Beijing,rice,2017,0.07
Beijing,soybean,2017,0.58
Beijing,wheat,2017,6.19
Chongqing,maize,2017,252.62
Chongqing,rice,2017,486.99
Chongqing,soybean,2017,40.22
Chongqing,wheat,2017,9.78
Fujian,maize,2017,11.4
Fujian,rice,2017,393.19
Fujian,soybean,2017,9.95
Fujian,wheat,2017,0.06
Gansu,maize,2017,576.67
Gansu,rice,2017,2.92
Gansu,soybean,2017,25.16
Gansu,wheat,2017,269.72
Guangdong,maize,2017,54.64
Guangdong,rice,2017,1046.34
Guangdong,soybean,2017,11.14
Guangdong,wheat,2017,0.15
Guangxi,maize,2017,271.64
Guangxi,rice,2017,1019.78
Guangxi,soybean,2017,24.68
Guangxi,wheat,2017,0.51
Guizhou,maize,2017,441.18
Guizhou,rice,2017,448.83
Guizhou,soybean,2017,25.56
Guizhou,wheat,2017,41.2
Hainan,maize,2017,0.0
Hainan,rice,2017,123.23
Hainan,soybean,2017,1.73
Hainan,wheat,2017,0.0
Hebei,maize,2017,2035.48
Hebei,rice,2017,50.43
Hebei,soybean,2017,20.83
Hebei,wheat,2017,1504.12
Heilongjiang,maize,2017,3703.11
Heilongjiang,rice,2017,2819.33
Heilongjiang,soybean,2017,719.62
Heilongjiang,wheat,2017,38.09
Henan,maize,2017,2170.14
Henan,rice,2017,485.25
Henan,soybean,2017,53.36
Henan,wheat,2017,3705.21
Hubei,maize,2017,356.75
Hubei,rice,2017,1927.16
Hubei,soybean,2017,38.48
Hubei,wheat,2017,426.9
Hunan,maize,2017,199.17
Hunan,rice,2017,2740.35
Hunan,soybean,2017,31.98
Hunan,wheat,2017,9.61
Inner_Mongolia,maize,2017,2497.44
Inner_Mongolia,rice,2017,85.23
Inner_Mongolia,soybean,2017,186.19
Inner_Mongolia,wheat,2017,189.05
Jiangsu,maize,2017,318.07
Jiangsu,rice,2017,1892.57
Jiangsu,soybean,2017,58.79
Jiangsu,wheat,2017,1295.47
Jiangxi,maize,2017,15.4
Jiangxi,rice,2017,2126.15
Jiangxi,soybean,2017,28.29
Jiangxi,wheat,2017,3.1
Jilin,maize,2017,3250.78
Jilin,rice,2017,684.43
Jilin,soybean,2017,67.08
Jilin,wheat,2017,0.15
Liaoning,maize,2017,1789.44
Liaoning,rice,2017,422.05
Liaoning,soybean,2017,21.05
Liaoning,wheat,2017,1.26
Ningxia,maize,2017,214.87
Ningxia,rice,2017,68.85
Ningxia,soybean,2017,1.73
Ningxia,wheat,2017,37.82
Qinghai,maize,2017,12.24
Qinghai,rice,2017,0.0
Qinghai,soybean,2017,2.8
Qinghai,wheat,2017,33.06
Shaanxi,maize,2017,551.15
Shaanxi,rice,2017,80.57
Shaanxi,soybean,2017,28.63
Shaanxi,wheat,2017,406.41
Shandong,maize,2017,2662.15
Shandong,rice,2017,90.14
Shandong,soybean,2017,33.62
Shandong,wheat,2017,2495.11
Shanghai,maize,2017,2.1
Shanghai,rice,2017,85.6
Shanghai,soybean,2017,0.3
Shanghai,wheat,2017,10.18
Shanxi,maize,2017,977.87
Shanxi,rice,2017,0.52
Shanxi,soybean,2017,28.31
Shanxi,wheat,2017,232.4
Sichuan,maize,2017,1068.0
Sichuan,rice,2017,1473.7
Sichuan,soybean,2017,119.23
Sichuan,wheat,2017,251.6
Tianjin,maize,2017,119.29
Tianjin,rice,2017,26.33
Tianjin,soybean,2017,0.85
Tianjin,wheat,2017,62.41
Tibet,maize,2017,3.0
Tibet,rice,2017,0.5
Tibet,soybean,2017,3.98
Tibet,wheat,2017,21.94
Xinjiang,maize,2017,772.62
Xinjiang,rice,2017,65.47
Xinjiang,soybean,2017,14.6
Xinjiang,wheat,2017,612.58
Yunnan,maize,2017,912.93
Yunnan,rice,2017,529.23
Yunnan,soybean,2017,118.31
Yunnan,wheat,2017,73.68
Zhejiang,maize,2017,23.04
Zhejiang,rice,2017,444.91
Zhejiang,soybean,2017,27.38
Zhejiang,wheat,2017,41.92
Anhui,maize,2018,595.61
Anhui,rice,2018,1681.21
Anhui,soybean,2018,102.99
Anhui,wheat,2018,1607.45
Beijing,maize,2018,27.14
Beijing,rice,2018,0.11
Beijing,soybean,2018,0.52
Beijing,wheat,2018,5.26
Chongqing,maize,2018,251.33
Chongqing,rice,2018,486.92
Chongqing,soybean,2018,40.86
Chongqing,wheat,2018,8.15
Fujian,maize,2018,12.56
Fujian,rice,2018,398.31
Fujian,soybean,2018,10.83
Fujian,wheat,2018,0.05
Gansu,maize,2018,589.99
Gansu,rice,2018,2.47
Gansu,soybean,2018,30.58
Gansu,wheat,2018,280.51
Guangdong,maize,2018,54.54
Guangdong,rice,2018,1032.07
Guangdong,soybean,2018,11.28
Guangdong,wheat,2018,0.15
Guangxi,maize,2018,273.4
Guangxi,rice,2018,1016.24
Guangxi,soybean,2018,26.16
Guangxi,wheat,2018,0.5
Guizhou,maize,2018,258.96
Guizhou,rice,2018,420.73
Guizhou,soybean,2018,29.29
Guizhou,wheat,2018,33.18
Hainan,maize,2018,
Hainan,rice,2018,130.7
Hainan,soybean,2018,1.85
Hainan,wheat,2018,
Hebei,maize,2018,1941.15
Hebei,rice,2018,52.49
Hebei,soybean,2018,28.13
Hebei,wheat,2018,1450.73
Heilongjiang,maize,2018,3982.16
Heilongjiang,rice,2018,2685.54
Heilongjiang,soybean,2018,678.5
Heilongjiang,wheat,2018,36.18
Henan,maize,2018,2351.38
Henan,rice,2018,501.41
Henan,soybean,2018,101.7
Henan,wheat,2018,3602.85
Hubei,maize,2018,323.38
Hubei,rice,2018,1965.62
Hubei,soybean,2018,38.41
Hubei,wheat,2018,410.37
Hunan,maize,2018,202.82
Hunan,rice,2018,2674.01
Hunan,soybean,2018,36.34
Hunan,wheat,2018,8.01
Inner_Mongolia,maize,2018,2699.95
Inner_Mongolia,rice,2018,121.86
Inner_Mongolia,soybean,2018,205.65
Inner_Mongolia,wheat,2018,202.29
Jiangsu,maize,2018,299.95
Jiangsu,rice,2018,1958.03
Jiangsu,soybean,2018,64.97
Jiangsu,wheat,2018,1289.12
Jiangxi,maize,2018,15.65
Jiangxi,rice,2018,2092.2
Jiangxi,soybean,2018,29.43
Jiangxi,wheat,2018,3.17
Jilin,maize,2018,2799.88
Jilin,rice,2018,646.32
Jilin,soybean,2018,62.75
Jilin,wheat,2018,0.04
Liaoning,maize,2018,1662.79
Liaoning,rice,2018,418.02
Liaoning,soybean,2018,20.0
Liaoning,wheat,2018,1.37
Ningxia,maize,2018,234.62
Ningxia,rice,2018,66.55
Ningxia,soybean,2018,2.81
Ningxia,wheat,2018,41.58
Qinghai,maize,2018,11.53
Qinghai,rice,2018,0.0
Qinghai,soybean,2018,2.89
Qinghai,wheat,2018,42.64
Shaanxi,maize,2018,584.15
Shaanxi,rice,2018,80.69
Shaanxi,soybean,2018,28.62
Shaanxi,wheat,2018,401.34
Shandong,maize,2018,2607.16
Shandong,rice,2018,98.59
Shandong,soybean,2018,44.5
Shandong,wheat,2018,2471.68
Shanghai,maize,2018,1.25
Shanghai,rice,2018,87.97
Shanghai,soybean,2018,0.17
Shanghai,wheat,2018,12.98
Shanxi,maize,2018,981.62
Shanxi,rice,2018,0.56
Shanxi,soybean,2018,35.62
Shanxi,wheat,2018,228.59
Sichuan,maize,2018,1066.3
Sichuan,rice,2018,1478.6
Sichuan,soybean,2018,121.5
Sichuan,wheat,2018,247.3
Tianjin,maize,2018,110.55
Tianjin,rice,2018,37.41
Tianjin,soybean,2018,1.42
Tianjin,wheat,2018,57.13
Tibet,maize,2018,3.36
Tibet,rice,2018,0.53
Tibet,soybean,2018,2.24
Tibet,wheat,2018,19.46
Xinjiang,maize,2018,827.57
Xinjiang,rice,2018,72.65
Xinjiang,soybean,2018,13.96
Xinjiang,wheat,2018,571.89
Yunnan,maize,2018,926.0
Yunnan,rice,2018,527.7
Yunnan,soybean,2018,118.08
Yunnan,wheat,2018,74.28
Zhejiang,maize,2018,20.64
Zhejiang,rice,2018,477.4
Zhejiang,soybean,2018,28.22
Zhejiang,wheat,2018,35.79
Anhui,maize,2019,642.79
Anhui,rice,2019,1630.01
Anhui,soybean,2019,100.84
Anhui,wheat,2019,1656.89
Beijing,maize,2019,22.83
Beijing,rice,2019,0.1
Beijing,soybean,2019,0.38
Beijing,wheat,2019,4.41
Chongqing,maize,2019,249.54
Chongqing,rice,2019,487.0
Chongqing,soybean,2019,40.95
Chongqing,wheat,2019,6.91
Fujian,maize,2019,13.44
Fujian,rice,2019,388.79
Fujian,soybean,2019,11.37
Fujian,wheat,2019,0.03
Gansu,maize,2019,594.14
Gansu,rice,2019,2.13
Gansu,soybean,2019,32.7
Gansu,wheat,2019,281.1
Guangdong,maize,2019,55.59
Guangdong,rice,2019,1075.05
Guangdong,soybean,2019,11.77
Guangdong,wheat,2019,0.15
Guangxi,maize,2019,261.21
Guangxi,rice,2019,991.95
Guangxi,soybean,2019,24.2
Guangxi,wheat,2019,0.48
Guizhou,maize,2019,232.3
Guizhou,rice,2019,423.83
Guizhou,soybean,2019,29.44
Guizhou,wheat,2019,32.98
Hainan,maize,2019,
Hainan,rice,2019,126.5
Hainan,soybean,2019,1.65
Hainan,wheat,2019,
Hebei,maize,2019,1986.64
Hebei,rice,2019,48.65
Hebei,soybean,2019,30.08
Hebei,wheat,2019,1462.57
Heilongjiang,maize,2019,3939.82
Heilongjiang,rice,2019,2663.46
Heilongjiang,soybean,2019,796.98
Heilongjiang,wheat,2019,20.39
Henan,maize,2019,2247.37
Henan,rice,2019,512.5
Henan,soybean,2019,102.0
Henan,wheat,2019,3741.77
Hubei,maize,2019,307.22
Hubei,rice,2019,1877.06
Hubei,soybean,2019,38.97
Hubei,wheat,2019,390.68
Hunan,maize,2019,220.3
Hunan,rice,2019,2611.5
Hunan,soybean,2019,37.34
Hunan,wheat,2019,7.54
Inner_Mongolia,maize,2019,2722.32
Inner_Mongolia,rice,2019,136.15
Inner_Mongolia,soybean,2019,251.65
Inner_Mongolia,wheat,2019,182.67
Jiangsu,maize,2019,311.07
Jiangsu,rice,2019,1959.64
Jiangsu,soybean,2019,70.3
Jiangsu,wheat,2019,1317.51
Jiangxi,maize,2019,19.8
Jiangxi,rice,2019,2048.3
Jiangxi,soybean,2019,29.33
Jiangxi,wheat,2019,3.04
Jilin,maize,2019,3045.3
Jilin,rice,2019,657.17
Jilin,soybean,2019,77.04
Jilin,wheat,2019,1.11
Liaoning,maize,2019,1884.43
Liaoning,rice,2019,434.82
Liaoning,soybean,2019,22.84
Liaoning,wheat,2019,1.38
Ningxia,maize,2019,230.47
Ningxia,rice,2019,55.09
Ningxia,soybean,2019,2.27
Ningxia,wheat,2019,34.61
Qinghai,maize,2019,14.18
Qinghai,rice,2019,0.0
Qinghai,soybean,2019,3.31
Qinghai,wheat,2019,40.29
Shaanxi,maize,2019,609.58
Shaanxi,rice,2019,80.37
Shaanxi,soybean,2019,28.05
Shaanxi,wheat,2019,382.04
Shandong,maize,2019,2536.53
Shandong,rice,2019,100.68
Shandong,soybean,2019,53.49
Shandong,wheat,2019,2552.92
Shanghai,maize,2019,1.06
Shanghai,rice,2019,88.04
Shanghai,soybean,2019,0.2
Shanghai,wheat,2019,5.8
Shanxi,maize,2019,939.37
Shanxi,rice,2019,1.76
Shanxi,soybean,2019,34.24
Shanxi,wheat,2019,226.21
Sichuan,maize,2019,1062.14
Sichuan,rice,2019,1469.82
Sichuan,soybean,2019,129.92
Sichuan,wheat,2019,246.18
Tianjin,maize,2019,115.18
Tianjin,rice,2019,42.91
Tianjin,soybean,2019,1.09
Tianjin,wheat,2019,60.47
Tibet,maize,2019,2.59
Tibet,rice,2019,0.43
Tibet,soybean,2019,1.79
Tibet,wheat,2019,19.19
Xinjiang,maize,2019,858.37
Xinjiang,rice,2019,51.62
Xinjiang,soybean,2019,14.8
Xinjiang,wheat,2019,576.03
Yunnan,maize,2019,920.0
Yunnan,rice,2019,534.0
Yunnan,soybean,2019,122.33
Yunnan,wheat,2019,71.9
Zhejiang,maize,2019,32.32
Zhejiang,rice,2019,462.06
Zhejiang,soybean,2019,30.58
Zhejiang,wheat,2019,32.38
Anhui,maize,2020,663.25
Anhui,rice,2020,1560.51
Anhui,soybean,2020,98.13
Anhui,wheat,2020,1671.73
Beijing,maize,2020,24.19
Beijing,rice,2020,0.14
Beijing,soybean,2020,0.33
Beijing,wheat,2020,4.62
Chongqing,maize,2020,251.13
Chongqing,rice,2020,489.19
Chongqing,soybean,2020,41.48
Chongqing,wheat,2020,6.09
Fujian,maize,2020,14.76
Fujian,rice,2020,391.75
Fujian,soybean,2020,11.99
Fujian,wheat,2020,0.02
Gansu,maize,2020,616.83
Gansu,rice,2020,1.69
Gansu,soybean,2020,37.21
Gansu,wheat,2020,268.88
Guangdong,maize,2020,58.15
Guangdong,rice,2020,1099.58
Guangdong,soybean,2020,11.76
Guangdong,wheat,2020,0.14
Guangxi,maize,2020,273.33
Guangxi,rice,2020,1013.74
Guangxi,soybean,2020,26.6
Guangxi,wheat,2020,0.63
Guizhou,maize,2020,220.34
Guizhou,rice,2020,415.98
Guizhou,soybean,2020,33.71
Guizhou,wheat,2020,33.37
Hainan,maize,2020,
Hainan,rice,2020,126.25
Hainan,soybean,2020,1.78
Hainan,wheat,2020,
Hebei,maize,2020,2051.82
Hebei,rice,2020,48.93
Hebei,soybean,2020,29.39
Hebei,wheat,2020,1439.3
Heilongjiang,maize,2020,3646.61
Heilongjiang,rice,2020,2896.15
Heilongjiang,soybean,2020,931.97
Heilongjiang,wheat,2020,18.71
Henan,maize,2020,2342.37
Henan,rice,2020,513.71
Henan,soybean,2020,97.87
Henan,wheat,2020,3753.13
Hubei,maize,2020,311.54
Hubei,rice,2020,1864.34
Hubei,soybean,2020,39.73
Hubei,wheat,2020,400.66
Hunan,maize,2020,223.25
Hunan,rice,2020,2638.94
Hunan,soybean,2020,40.03
Hunan,wheat,2020,7.77
Inner_Mongolia,maize,2020,2742.71
Inner_Mongolia,rice,2020,123.14
Inner_Mongolia,soybean,2020,256.44
Inner_Mongolia,wheat,2020,170.78
Jiangsu,maize,2020,308.3
Jiangsu,rice,2020,1965.7
Jiangsu,soybean,2020,71.64
Jiangsu,wheat,2020,1333.87
Jiangxi,maize,2020,20.66
Jiangxi,rice,2020,2051.2
Jiangxi,soybean,2020,32.0
Jiangxi,wheat,2020,3.3
Jilin,maize,2020,2973.44
Jilin,rice,2020,665.43
Jilin,soybean,2020,72.82
Jilin,wheat,2020,1.67
Liaoning,maize,2020,1793.85
Liaoning,rice,2020,446.53
Liaoning,soybean,2020,25.61
Liaoning,wheat,2020,1.66
Ningxia,maize,2020,249.07
Ningxia,rice,2020,49.39
Ningxia,soybean,2020,1.65
Ningxia,wheat,2020,27.79
Qinghai,maize,2020,14.79
Qinghai,rice,2020,0.0
Qinghai,soybean,2020,3.54
Qinghai,wheat,2020,37.57
Shaanxi,maize,2020,620.16
Shaanxi,rice,2020,80.52
Shaanxi,soybean,2020,28.28
Shaanxi,wheat,2020,413.25
Shandong,maize,2020,2595.4
Shandong,rice,2020,98.77
Shandong,soybean,2020,56.69
Shandong,wheat,2020,2568.85
Shanghai,maize,2020,0.85
Shanghai,rice,2020,84.66
Shanghai,soybean,2020,0.15
Shanghai,wheat,2020,5.26
Shanxi,maize,2020,979.95
Shanxi,rice,2020,1.71
Shanxi,soybean,2020,30.72
Shanxi,wheat,2020,236.5
Sichuan,maize,2020,1064.99
Sichuan,rice,2020,1475.33
Sichuan,soybean,2020,138.81
Sichuan,wheat,2020,246.74
Tianjin,maize,2020,109.7
Tianjin,rice,2020,50.24
Tianjin,soybean,2020,0.9
Tianjin,wheat,2020,62.86
Tibet,maize,2020,2.75
Tibet,rice,2020,0.53
Tibet,soybean,2020,1.86
Tibet,wheat,2020,17.65
Xinjiang,maize,2020,928.43
Xinjiang,rice,2020,41.87
Xinjiang,soybean,2020,10.2
Xinjiang,wheat,2020,582.09
Yunnan,maize,2020,938.0
Yunnan,rice,2020,524.91
Yunnan,soybean,2020,123.33
Yunnan,wheat,2020,69.7
Zhejiang,maize,2020,25.91
Zhejiang,rice,2020,465.12
Zhejiang,soybean,2020,30.84
Zhejiang,wheat,2020,40.79
Anhui,maize,2021,677.46
Anhui,rice,2021,1590.43
Anhui,soybean,2021,95.88
Anhui,wheat,2021,1699.73
Beijing,maize,2021,29.04
Beijing,rice,2021,0.17
Beijing,soybean,2021,0.4
Beijing,wheat,2021,6.85
Chongqing,maize,2021,254.56
Chongqing,rice,2021,493.05
Chongqing,soybean,2021,42.15
Chongqing,wheat,2021,6.15
Fujian,maize,2021,15.34
Fujian,rice,2021,393.18
Fujian,soybean,2021,12.16
Fujian,wheat,2021,0.02
Gansu,maize,2021,642.96
Gansu,rice,2021,1.81
Gansu,soybean,2021,35.76
Gansu,wheat,2021,279.75
Guangdong,maize,2021,60.8
Guangdong,rice,2021,1104.41
Guangdong,soybean,2021,11.44
Guangdong,wheat,2021,0.09
Guangxi,maize,2021,285.15
Guangxi,rice,2021,1017.9
Guangxi,soybean,2021,26.76
Guangxi,wheat,2021,0.63
Guizhou,maize,2021,256.57
Guizhou,rice,2021,417.35
Guizhou,soybean,2021,35.12
Guizhou,wheat,2021,33.25
Hainan,maize,2021,
Hainan,rice,2021,127.11
Hainan,soybean,2021,1.34
Hainan,wheat,2021,
Hebei,maize,2021,2066.77
Hebei,rice,2021,49.6
Hebei,soybean,2021,22.58
Hebei,wheat,2021,1469.13
Heilongjiang,maize,2021,4149.23
Heilongjiang,rice,2021,2913.73
Heilongjiang,soybean,2021,731.68
Heilongjiang,wheat,2021,26.27
Henan,maize,2021,2051.73
Henan,rice,2021,476.11
Henan,soybean,2021,78.71
Henan,wheat,2021,3802.81
Hubei,maize,2021,323.54
Hubei,rice,2021,1883.62
Hubei,soybean,2021,41.88
Hubei,wheat,2021,399.34
Hunan,maize,2021,234.11
Hunan,rice,2021,2683.1
Hunan,soybean,2021,41.18
Hunan,wheat,2021,7.78
Inner_Mongolia,maize,2021,2994.25
Inner_Mongolia,rice,2021,115.3
Inner_Mongolia,soybean,2021,186.79
Inner_Mongolia,wheat,2021,157.24
Jiangsu,maize,2021,300.06
Jiangsu,rice,2021,1984.63
Jiangsu,soybean,2021,70.08
Jiangsu,wheat,2021,1342.22
Jiangxi,maize,2021,21.8
Jiangxi,rice,2021,2073.94
Jiangxi,soybean,2021,33.14
Jiangxi,wheat,2021,3.23
Jilin,maize,2021,3198.44
Jilin,rice,2021,684.67
Jilin,soybean,2021,62.56
Jilin,wheat,2021,1.62
Liaoning,maize,2021,2008.41
Liaoning,rice,2021,424.62
Liaoning,soybean,2021,26.91
Liaoning,wheat,2021,1.09
Ningxia,maize,2021,263.39
Ningxia,rice,2021,41.0
Ningxia,soybean,2021,0.97
Ningxia,wheat,2021,18.95
Qinghai,maize,2021,15.26
Qinghai,rice,2021,0.0
Qinghai,soybean,2021,3.52
Qinghai,wheat,2021,38.73
Shaanxi,maize,2021,601.69
Shaanxi,rice,2021,72.85
Shaanxi,soybean,2021,31.95
Shaanxi,wheat,2021,424.6
Shandong,maize,2021,2589.52
Shandong,rice,2021,97.47
Shandong,soybean,2021,54.87
Shandong,wheat,2021,2636.66
Shanghai,maize,2021,0.68
Shanghai,rice,2021,85.15
Shanghai,soybean,2021,0.13
Shanghai,wheat,2021,7.35
Shanxi,maize,2021,977.57
Shanxi,rice,2021,1.75
Shanxi,soybean,2021,21.73
Shanxi,wheat,2021,243.37
Sichuan,maize,2021,1084.7
Sichuan,rice,2021,1493.4
Sichuan,soybean,2021,143.5
Sichuan,wheat,2021,245.3
Tianjin,maize,2021,118.28
Tianjin,rice,2021,54.73
Tianjin,soybean,2021,0.55
Tianjin,wheat,2021,72.16
Tibet,maize,2021,2.96
Tibet,rice,2021,0.45
Tibet,soybean,2021,1.85
Tibet,wheat,2021,20.12
Xinjiang,maize,2021,1012.65
Xinjiang,rice,2021,41.69
Xinjiang,soybean,2021,10.77
Xinjiang,wheat,2021,639.75
Yunnan,maize,2021,992.6
Yunnan,rice,2021,491.9
Yunnan,soybean,2021,109.15
Yunnan,wheat,2021,61.92
Zhejiang,maize,2021,25.56
Zhejiang,rice,2021,469.12
Zhejiang,soybean,2021,30.03
Zhejiang,wheat,2021,48.34
Anhui,maize,2022,663.39
Anhui,rice,2022,1583.4
Anhui,soybean,2022,99.93
Anhui,wheat,2022,1722.27
Beijing,maize,2022,33.54
Beijing,rice,2022,0.21
Beijing,soybean,2022,0.91
Beijing,wheat,2022,9.56
Chongqing,maize,2022,256.37
Chongqing,rice,2022,485.24
Chongqing,soybean,2022,43.45
Chongqing,wheat,2022,6.28
Fujian,maize,2022,15.65
Fujian,rice,2022,393.75
Fujian,soybean,2022,12.43
Fujian,wheat,2022,0.02
Gansu,maize,2022,664.22
Gansu,rice,2022,1.5
Gansu,soybean,2022,37.5
Gansu,wheat,2022,296.87
Guangdong,maize,2022,63.41
Guangdong,rice,2022,1108.63
Guangdong,soybean,2022,11.94
Guangdong,wheat,2022,0.15
Guangxi,maize,2022,280.4
Guangxi,rice,2022,1028.07
Guangxi,soybean,2022,27.25
Guangxi,wheat,2022,0.79
Guizhou,maize,2022,299.79
Guizhou,rice,2022,395.0
Guizhou,soybean,2022,45.14
Guizhou,wheat,2022,28.86
Hainan,maize,2022,
Hainan,rice,2022,127.91
Hainan,soybean,2022,1.07
Hainan,wheat,2022,
Hebei,maize,2022,2094.7
Hebei,rice,2022,48.88
Hebei,soybean,2022,28.58
Hebei,wheat,2022,1474.57
Heilongjiang,maize,2022,4038.42
Heilongjiang,rice,2022,2718.0
Heilongjiang,soybean,2022,966.39
Heilongjiang,wheat,2022,8.44
Henan,maize,2022,2275.05
Henan,rice,2022,479.15
Henan,soybean,2022,88.55
Henan,wheat,2022,3812.71
Hubei,maize,2022,312.32
Hubei,rice,2022,1865.78
Hubei,soybean,2022,40.24
Hubei,wheat,2022,405.57
Hunan,maize,2022,225.69
Hunan,rice,2022,2639.88
Hunan,soybean,2022,43.3
Hunan,wheat,2022,7.59
Inner_Mongolia,maize,2022,3098.36
Inner_Mongolia,rice,2022,90.21
Inner_Mongolia,soybean,2022,259.71
Inner_Mongolia,wheat,2022,126.39
Jiangsu,maize,2022,295.84
Jiangsu,rice,2022,1991.61
Jiangsu,soybean,2022,73.27
Jiangsu,wheat,2022,1365.74
Jiangxi,maize,2022,22.1
Jiangxi,rice,2022,2036.5
Jiangxi,soybean,2022,32.94
Jiangxi,wheat,2022,3.1
Jilin,maize,2022,3257.86
Jilin,rice,2022,680.91
Jilin,soybean,2022,79.94
Jilin,wheat,2022,1.74
Liaoning,maize,2022,1959.16
Liaoning,rice,2022,425.56
Liaoning,soybean,2022,27.91
Liaoning,wheat,2022,0.82
Ningxia,maize,2022,276.63
Ningxia,rice,2022,23.66
Ningxia,soybean,2022,3.89
Ningxia,wheat,2022,27.27
Qinghai,maize,2022,14.83
Qinghai,rice,2022,0.0
Qinghai,soybean,2022,3.48
Qinghai,wheat,2022,36.91
Shaanxi,maize,2022,616.81
Shaanxi,rice,2022,73.33
Shaanxi,soybean,2022,37.11
Shaanxi,wheat,2022,429.78
Shandong,maize,2022,2630.44
Shandong,rice,2022,90.59
Shandong,soybean,2022,59.18
Shandong,wheat,2022,2641.19
Shanghai,maize,2022,0.61
Shanghai,rice,2022,82.73
Shanghai,soybean,2022,0.14
Shanghai,wheat,2022,10.71
Shanxi,maize,2022,1021.07
Shanxi,rice,2022,1.46
Shanxi,soybean,2022,24.3
Shanxi,wheat,2022,245.2
Sichuan,maize,2022,1046.22
Sichuan,rice,2022,1462.28
Sichuan,soybean,2022,145.39
Sichuan,wheat,2022,249.71
Tianjin,maize,2022,123.82
Tianjin,rice,2022,52.62
Tianjin,soybean,2022,1.21
Tianjin,wheat,2022,72.96
Tibet,maize,2022,2.83
Tibet,rice,2022,0.48
Tibet,soybean,2022,1.32
Tibet,wheat,2022,18.85
Xinjiang,maize,2022,1080.51
Xinjiang,rice,2022,34.6
Xinjiang,soybean,2022,14.48
Xinjiang,wheat,2022,653.49
Yunnan,maize,2022,1026.17
Yunnan,rice,2022,464.67
Yunnan,soybean,2022,109.83
Yunnan,wheat,2022,59.51
Zhejiang,maize,2022,24.11
Zhejiang,rice,2022,462.89
Zhejiang,soybean,2022,30.24
Zhejiang,wheat,2022,55.26
